Date,Open,High,Low,Close,Adj Close,average_sentiment
1/2/2015,532.5999756,535.7999878,527.8800049,529.5499878,529.5499878,0.155139066
1/5/2015,527.1500244,527.9899902,517.75,519.460022,519.460022,0.307564914
1/6/2015,520.5,521.210022,505.5499878,506.6400146,506.6400146,0.302668697
1/7/2015,510.9500122,511.4899902,503.6499939,505.1499939,505.1499939,0.261703955
1/8/2015,501.5100098,507.5,495.019989,506.9100037,506.9100037,0.212185911
1/9/2015,508.1799927,508.6000061,498.6499939,500.7200012,500.7200012,0.174836055
1/12/2015,499.2399902,500.2799988,490.9100037,497.0599976,497.0599976,0.125869316
1/13/2015,502.5700073,508.6000061,497.2600098,501.7999878,501.7999878,0.136833856
1/14/2015,500.4200134,508.2600098,498.1600037,505.9299927,505.9299927,0.073579501
1/15/2015,508.8900146,509.75,502.0100098,504.0100098,504.0100098,0.092009882
1/16/2015,503.1499939,510.8500061,503.0899963,510.4599915,510.4599915,0.079095144
1/20/2015,512.7700195,515.6099854,509.3699951,509.9400024,509.9400024,0.146880252
1/21/2015,510.8399963,521.8499756,509.5899963,520.3900146,520.3900146,0.178732908
1/22/2015,523,538.8400269,521.9099731,537.2999878,537.2999878,0.139146621
1/23/2015,538.0300293,545.4099731,535.75,541.9500122,541.9500122,0.162755853
1/26/2015,541.5,541.5,532.0700073,536.7199707,536.7199707,0.193873114
1/27/2015,531.4000244,532.7800293,520.8599854,521.1900024,521.1900024,0.164774897
1/28/2015,525,525.6900024,512.3499756,512.4299927,512.4299927,0.192088255
1/29/2015,512.9000244,515.1900024,503.480011,513.2299805,513.2299805,0.121923664
1/30/2015,519,543.0999756,518.1799927,537.5499878,537.5499878,0.145758573
2/2/2015,534.3200073,536.5,521.7199707,532.2000122,532.2000122,0.187554388
2/3/2015,529.9400024,537.4500122,526.8099976,533.2999878,533.2999878,0.173466857
2/4/2015,533.1400146,536.75,525.0300293,526.0999756,526.0999756,0.17062612
2/5/2015,527.9299927,530.6900024,525.6400146,529.8300171,529.8300171,0.125651953
2/6/2015,531.0100098,540.2199707,528.6500244,533.8800049,533.8800049,0.168629846
2/9/2015,531.0599976,533.8800049,527.5499878,529.2800293,529.2800293,0.177046823
2/10/2015,532.1500244,541,529.1699829,540.1599731,540.1599731,0.186114868
2/11/2015,539.7299805,541.9500122,536,538,538,0.162928236
2/12/2015,539.6599731,548.3400269,537,546.0100098,546.0100098,0.150401758
2/13/2015,547.5100098,552.539978,546.5999756,551.1599731,551.1599731,0.172060974
2/17/2015,551.1599731,553,543.2600098,545.0100098,545.0100098,0.122914684
2/18/2015,543.8200073,547.5499878,539.5499878,542.6500244,542.6500244,0.17466041
2/19/2015,542.4699707,546.8599854,540.75,546.4500122,546.4500122,0.180351776
2/20/2015,547.5800171,547.5800171,538.0999756,541.7999878,541.7999878,0.147826347
2/23/2015,539,539.2999878,532,535,535,0.151011009
2/24/2015,531.5499878,539.4000244,531,538.6500244,538.6500244,0.113525175
2/25/2015,538.4400024,549.5700073,538.0100098,547.3300171,547.3300171,0.132333454
2/26/2015,545.7399902,560.1300049,545.0900269,559.289978,559.289978,0.084596419
2/27/2015,558.1500244,569.4199829,557.0300293,562.6300049,562.6300049,0.111541343
3/2/2015,567,575.9899902,563.1500244,575.0200195,575.0200195,0.128297488
3/3/2015,576.3499756,580.8499756,570.5,578.789978,578.789978,0.075617552
3/4/2015,576.9699707,581.6300049,572.5200195,578.3300171,578.3300171,0.086400544
3/5/2015,579.6199951,583.2000122,578.2299805,581.4299927,581.4299927,0.100302425
3/6/2015,582,582.7800293,572.0599976,572.9000244,572.9000244,0.11278019
3/9/2015,570.9199829,575.4500122,569.0499878,574.0999756,574.0999756,0.143113617
3/10/2015,568.4799805,569.7600098,559.8200073,559.8499756,559.8499756,0.130306362
3/11/2015,559.7999878,564.1799927,555.4099731,555.6900024,555.6900024,0.109338422
3/12/2015,558.4799805,561.8400269,555.5300293,561.1699829,561.1699829,0.162973874
3/13/2015,559.2299805,564.3599854,550.3300171,553,553,0.176118092
3/16/2015,556.9299927,563.75,551.3200073,561.6400146,561.6400146,0.159810776
3/17/2015,558.289978,560.6400146,554.4099731,557.6099854,557.6099854,0.136895905
3/18/2015,557.7299805,566.5100098,553.5,566.1599731,566.1599731,0.156449489
3/19/2015,564.5200195,566.960022,562.1199951,563.6699829,563.6699829,0.131844371
3/20/2015,566.710022,567.0999756,564.4799805,564.9500122,564.9500122,0.132251349
3/23/2015,566,569.6400146,563.0599976,565.3699951,565.3699951,0.135460892
3/24/2015,568.539978,581.8800049,568.0900269,577.539978,577.539978,0.166453157
3/25/2015,577.5700073,580.0700073,567,567,567,0.148592973
3/26/2015,564.6500244,567.1900024,558.3099976,563.6400146,563.6400146,0.146654239
3/27/2015,561.8300171,564.0700073,556.9299927,557.5499878,557.5499878,0.14079886
3/30/2015,560.25,562.1599731,556.789978,561.1400146,561.1400146,0.179118447
3/31/2015,557.9400024,562.4500122,554.6699829,554.7000122,554.7000122,0.135089606
4/1/2015,554.8300171,558.5,546.0300293,549.4899902,549.4899902,0.146664167
4/2/2015,547.4099731,548,540.4400024,541.3099976,541.3099976,0.134961076
4/6/2015,538.8400269,545.539978,535.7000122,543.9500122,543.9500122,0.12832618
4/7/2015,544.9899902,550.1599731,543.5900269,544.8599854,544.8599854,0.155316532
4/8/2015,546,551.5,546,548.8400269,548.8400269,0.154630714
4/9/2015,549.210022,549.3699951,541.9500122,548.0200195,548.0200195,0.15795838
4/10/2015,549.5700073,549.8499756,544.9799805,548.539978,548.539978,0.135608242
4/13/2015,547.0499878,553.2700195,546.2999878,548.6400146,548.6400146,0.101233816
4/14/2015,546.5700073,546.5700073,535.7399902,539.7800293,539.7800293,0.106966395
4/15/2015,537.960022,543.1900024,532.3699951,541.039978,541.039978,0.077370239
4/16/2015,538.3499756,545.2299805,538.0999756,543.5200195,543.5200195,0.122352482
4/17/2015,537.3099976,539.7999878,529,532.7399902,532.7399902,0.189613488
4/20/2015,533.75,545.7999878,533.3499756,544.5300293,544.5300293,0.106821865
4/21/2015,546.3099976,547.7700195,542.210022,542.9199829,542.9199829,0.183116966
4/22/2015,543.0599976,551,541.3200073,549.1799927,549.1799927,0.134447775
4/23/2015,550.4099731,561.1699829,550.0800171,557.460022,557.460022,0.093582039
4/24/2015,580.0499878,584.7000122,568.3499756,573.6599731,573.6599731,0.147037568
4/27/2015,572.7700195,575.5200195,562.2999878,566.1199951,566.1199951,0.0871241
4/28/2015,564.3200073,567.8300171,560.960022,564.3699951,564.3699951,0.122114245
4/29/2015,560.5100098,565.8400269,559,561.3900146,561.3900146,0.14262582
4/30/2015,558.5599976,561.1099854,546.7199707,548.7700195,548.7700195,0.182555692
5/1/2015,550.5100098,551.2199707,543.8499756,551.1599731,551.1599731,0.117998634
5/4/2015,550.9899902,556.6900024,547.3900146,552.8400269,552.8400269,0.120741164
5/5/2015,550.1599731,552.6099854,542.3699951,543.039978,543.039978,0.139812956
5/6/2015,542.6400146,543.9299927,532.2399902,535.0800171,535.0800171,0.101462901
5/7/2015,535.9000244,545.2000122,533.4500122,542.039978,542.039978,0.005478245
5/8/2015,548.8699951,552.7999878,548.0300293,548.9500122,548.9500122,0.094850289
5/11/2015,548.4899902,553.3699951,545.5999756,545.7800293,545.7800293,0.117572118
5/12/2015,542.8099976,542.960022,535,538.7299805,538.7299805,0.085721672
5/13/2015,540.4699707,543.8400269,538.9799805,539.4899902,539.4899902,0.104596558
5/14/2015,543.9699707,549.6900024,542.5,549.2000122,549.2000122,0.115536531
5/15/2015,550.3900146,550.5999756,542.5,546.4899902,546.4899902,0.056910382
5/18/2015,543.8200073,548.3400269,542.25,546.6699829,546.6699829,0.097825948
5/19/2015,548,553.4000244,547.1199951,549.2800293,549.2800293,0.066863274
5/20/2015,550.9199829,556.0700073,545.0999756,552.5100098,552.5100098,0.092553115
5/21/2015,550.2000122,557.6099854,549.2999878,556.8099976,556.8099976,0.063924682
5/22/2015,554.460022,558.2399902,553.6199951,554.5200195,554.5200195,0.1063917
5/26/2015,552.5800171,553.3300171,542.9699707,547.1900024,547.1900024,0.007841273
5/27/2015,548.6799927,555.289978,546.5800171,554.25,554.25,0.117526196
5/28/2015,553.789978,555.7600098,550.7999878,554.1799927,554.1799927,0.101732728
5/29/2015,553.2000122,553.9400024,545.039978,545.3200073,545.3200073,0.124682263
6/1/2015,548.7299805,550.5700073,543.5800171,549.210022,549.210022,0.130959306
6/2/2015,547.4299927,558.789978,546.5499878,553.9500122,553.9500122,0.111687355
6/3/2015,555.0999756,557.9899902,552.1500244,555.289978,555.289978,0.111721526
6/4/2015,552.1799927,555.960022,549.1199951,551.6900024,551.6900024,0.104393138
6/5/2015,552,553.3300171,547.3800049,549.5300293,549.5300293,0.090459042
6/8/2015,549.6099854,549.8699951,542.9500122,543.4799805,543.4799805,0.106174266
6/9/2015,543.4199829,544.8400269,538.8499756,542.1599731,542.1599731,0.095604825
6/10/2015,545.7000122,554.7800293,545.1099854,552.5999756,552.5999756,0.140203959
6/11/2015,554.4899902,554.8300171,549.1699829,550.039978,550.039978,0.140578492
6/12/2015,547.1500244,548.8499756,545.6300049,547.4699707,547.4699707,0.077508548
6/15/2015,542.7299805,544.0499878,539.210022,543,543,0.128002892
6/16/2015,544.4799805,546.6900024,541.5700073,544.8699951,544.8699951,0.115778239
6/17/2015,545.4199829,548.3599854,541.8099976,546.5999756,546.5999756,0.122630699
6/18/2015,548,557.25,548,556.1799927,556.1799927,0.078791273
6/19/2015,556.5200195,557.9099731,552.2600098,557.5200195,557.5200195,0.104090246
6/22/2015,559.4099731,565.6099854,558.9099731,559.6799927,559.6799927,0.099882638
6/23/2015,559.789978,564.9000244,557.1500244,563.3900146,563.3900146,0.118057646
6/24/2015,562.4799805,562.6400146,556.8099976,558.5700073,558.5700073,0.123969716
6/25/2015,560.2999878,563.1400146,557.460022,557.9500122,557.9500122,0.129470461
6/26/2015,559.710022,560,551.8499756,553.0599976,553.0599976,0.099648897
6/29/2015,546.75,550.9000244,540.2399902,541.25,541.25,0.133822029
6/30/2015,545.0900269,545.9000244,539.539978,540.039978,540.039978,0.126415085
7/1/2015,543.6599731,545.8099976,539.7600098,543.2999878,543.2999878,0.13976909
7/2/2015,544.7399902,548,543.5700073,547.3400269,547.3400269,0.109692256
7/6/2015,542.25,548.5800171,542.0999756,545.6199951,545.6199951,0.231109747
7/7/2015,547.4299927,551,539.8499756,550.0300293,550.0300293,0.170294375
7/8/2015,545.5999756,548.2800293,541.2000122,541.7000122,541.7000122,0.131101886
7/9/2015,548.6500244,548.8800049,544.6199951,544.6500244,544.6500244,0.09759367
7/10/2015,553.710022,559.289978,552,556.1099854,556.1099854,0.172747884
7/13/2015,559.5100098,572.8499756,558.7000122,571.7299805,571.7299805,0.179031079
7/14/2015,574.5,589.710022,574.1699829,584.1799927,584.1799927,0.109028873
7/15/2015,583.7399902,588.6900024,580.210022,583.960022,583.960022,0.164102824
7/16/2015,589.5,604.5,587.9199829,601.7800293,601.7800293,0.131716616
7/17/2015,680,703,678,699.6199951,699.6199951,0.174682486
7/20/2015,688.9799805,697.7999878,681.7700195,692.8400269,692.8400269,0.140387369
7/21/2015,684.8800049,705.5999756,684.1500244,695.3499756,695.3499756,0.166494948
7/22/2015,694.0200195,713.3300171,691.6199951,695.0999756,695.0999756,0.104710866
7/23/2015,691.8499756,696.0700073,671.5900269,674.7299805,674.7299805,0.101745388
7/24/2015,676.7700195,677.789978,653.1799927,654.7700195,654.7700195,0.116990851
7/27/2015,651.5700073,667.0700073,651.5499878,658.2700195,658.2700195,0.09384017
7/28/2015,661.7600098,664.0999756,653.4099731,659.6599731,659.6599731,0.125102015
7/29/2015,662.2600098,663.3300171,652.8400269,661.4299927,661.4299927,0.0776582
7/30/2015,657.4400024,668.0499878,651.6900024,664.5599976,664.5599976,0.050178264
7/31/2015,664.7000122,665,657.2000122,657.5,657.5,0.076102571
8/3/2015,657.6599731,666.6699829,657.6599731,664.7199707,664.7199707,0.111406008
8/4/2015,664.3400269,668,660.5100098,661.2800293,661.2800293,0.213287796
8/5/2015,665.75,679.9099731,665.5800171,673.289978,673.289978,0.183711587
8/6/2015,673.9899902,674.75,660.7299805,670.1500244,670.1500244,0.098443807
8/7/2015,667.7800293,668.7999878,658.8699951,664.3900146,664.3900146,0.111779405
8/10/2015,667.0900269,671.6199951,660.2299805,663.1400146,663.1400146,0.128395789
8/11/2015,699.5800171,704,684.3200073,690.2999878,690.2999878,0.110801113
8/12/2015,694.4899902,696,680.5100098,691.4699707,691.4699707,0.095806443
8/13/2015,689.2000122,694.0300293,682.1799927,686.5100098,686.5100098,0.091745547
8/14/2015,684.039978,692.2600098,682.9000244,689.3699951,689.3699951,0.119064568
8/17/2015,688.039978,694.7399902,683.0599976,694.1099854,694.1099854,0.135964465
8/18/2015,691.0700073,695.7600098,685.3200073,688.7299805,688.7299805,0.091525858
8/19/2015,690.1099854,700.2000122,686.7999878,694.039978,694.039978,0.137572105
8/20/2015,689.0999756,696.1599731,675.2800293,679.4799805,679.4799805,0.075593778
8/21/2015,671.039978,672.8900146,643.0999756,644.0300293,644.0300293,0.058510488
8/24/2015,600.5999756,627.6799927,593.0900269,618.1099854,618.1099854,0.041017353
8/25/2015,646.4699707,647,611.6699829,612.4699707,612.4699707,0.090649787
8/26/2015,643.0999756,662.4799805,630.3699951,659.7399902,659.7399902,0.099360619
8/27/2015,671.9899902,673.9799805,651.0999756,667.960022,667.960022,0.060694492
8/28/2015,665.7600098,667,653.75,659.6900024,659.6900024,0.119331911
8/31/2015,654.3400269,664.4099731,646.3499756,647.8200073,647.8200073,0.07655
9/1/2015,633.8099976,644.4400024,625.0599976,629.5599976,629.5599976,0.02382
9/2/2015,638,645.0599976,630.6400146,644.9099731,644.9099731,0.067615112
9/3/2015,647.9299927,651.25,633.8099976,637.0499878,637.0499878,0.09538997
9/4/2015,629.7000122,634.5,626.5,628.960022,628.960022,0.065661057
9/8/2015,641,645.039978,632.9000244,643.8800049,643.8800049,0.104569189
9/9/2015,651.8800049,657.3599854,640.9000244,643.4099731,643.4099731,0.104038643
9/10/2015,643.9000244,654.9000244,641.7000122,651.0800171,651.0800171,0.091653333
9/11/2015,650.210022,655.3099976,647.4099731,655.2999878,655.2999878,0.080321528
9/14/2015,655.6300049,655.9199829,649.5,652.4699707,652.4699707,0.051104988
9/15/2015,656.710022,668.8499756,653.3400269,665.0700073,665.0700073,0.077049194
9/16/2015,665.5499878,668.0700073,662.2000122,665.5200195,665.5200195,0.091878536
9/17/2015,667.4899902,681.9899902,665,671.6699829,671.6699829,0.0871107
9/18/2015,665.0599976,669.8400269,660.0300293,660.9199829,660.9199829,0.067785239
9/21/2015,665.5100098,669,658,666.9799805,666.9799805,0.043131622
9/22/2015,657.4699707,658.8200073,645.0300293,653.2000122,653.2000122,0.069911484
9/23/2015,652.9000244,660.2800293,650.7299805,653.289978,653.289978,0.078550228
9/24/2015,648.9699707,656.7700195,642.1699829,654.9099731,654.9099731,0.074082698
9/25/2015,658.5800171,658.5800171,639.6599731,640.1500244,640.1500244,0.092809049
9/28/2015,639.0499878,642.8499756,617.8400269,624.25,624.25,0.121599641
9/29/2015,625.5,634.6799927,618.0300293,622.6099854,622.6099854,0.111890369
9/30/2015,631.8300171,639.3099976,629.1500244,638.3699951,638.3699951,0.097304427
10/1/2015,637.9400024,643.8400269,631.1199951,642,642,0.077537298
10/2/2015,638.0100098,657,633.5,656.9899902,656.9899902,0.071815782
10/5/2015,661.5999756,673.0300293,655.8699951,671.6799927,671.6799927,0.104175811
10/6/2015,669.3499756,678.7999878,663.0800171,671.6400146,671.6400146,0.100806154
10/7/2015,677.4000244,678.7399902,658.1099854,670,670,0.096523308
10/8/2015,669.4500122,671.8900146,654.4899902,667,667,0.099439967
10/9/2015,667.4899902,674.0900269,662.3599854,671.2399902,671.2399902,0.110231666
10/12/2015,669.1900024,677.9799805,667.2399902,676.4299927,676.4299927,0.100427094
10/13/2015,674.2600098,688.460022,673.1099854,683.1699829,683.1699829,0.127522713
10/14/2015,683.7299805,690.039978,678.9000244,680.4099731,680.4099731,0.121923728
10/15/2015,685.25,694.1599731,684.3900146,693.0200195,693.0200195,0.120016266
10/16/2015,695.4000244,696.2199707,689.0999756,695.3200073,695.3200073,0.118705504
10/19/2015,694,700.2399902,692.210022,699.9500122,699.9500122,0.025657729
10/20/2015,697.8900146,698,673.6799927,680,680,0.030328006
10/21/2015,683.210022,684.9000244,670.7000122,671.7999878,671.7999878,0.057943941
10/22/2015,675.4400024,688.0499878,671.7000122,681.1400146,681.1400146,0.143598148
10/23/2015,750.0599976,752.5,717.9400024,719.3300171,719.3300171,0.166060716
10/26/2015,720.0200195,734.9500122,720.0200195,731.1199951,731.1199951,0.084063803
10/27/2015,726.5700073,735.960022,724.1400146,732.8200073,732.8200073,0.083472677
10/28/2015,733,737.3699951,727.2700195,736.9199829,736.9199829,-0.012355699
10/29/2015,736.6300049,746.789978,735.1599731,744.8499756,744.8499756,0.115562751
10/30/2015,745.5599976,746.3099976,736.5300293,737.3900146,737.3900146,0.090862319
11/2/2015,734.5300293,748.1799927,731.4500122,747.7399902,747.7399902,0.076144128
11/3/2015,745.4299927,751.7000122,741.1599731,748.8200073,748.8200073,0.063057946
11/4/2015,749.9000244,759.9000244,749.2000122,755.3099976,755.3099976,0.133298742
11/5/2015,758.8099976,766.3499756,757.4699707,760.6699829,760.6699829,0.068239693
11/6/2015,759.3900146,763.0200195,755.0300293,761.5999756,761.5999756,0.089445686
11/9/2015,758.5200195,763.2999878,749.1099854,754.7700195,754.7700195,0.115775063
11/10/2015,753.4799805,760.5999756,748.4099731,758.2600098,758.2600098,0.106678226
11/11/2015,762.3800049,769.0800171,759.75,765.25,765.25,0.146700973
11/12/2015,760.1799927,765.7999878,755.8599854,756.5300293,756.5300293,0.08878934
11/13/2015,754.039978,755.3300171,739.4699707,740.0700073,740.0700073,0.075978141
11/16/2015,740.210022,751.710022,734.3300171,750.4199829,750.4199829,0.115938742
11/17/2015,752.4699707,754.9500122,744.0499878,745.9799805,745.9799805,0.113257035
11/18/2015,749.5700073,761.0999756,747.3900146,760.0100098,760.0100098,0.073280262
11/19/2015,759.7800293,763.2299805,757.2299805,759.9400024,759.9400024,0.076827334
11/20/2015,769.2999878,779.3200073,764.0999756,777,777,0.08375151
11/23/2015,777.4699707,782.9000244,773.5100098,776.7000122,776.7000122,0.091239787
11/24/2015,772.960022,775.9899902,758.1099854,769.6300049,769.6300049,0.091565289
11/25/2015,771.6900024,773,766.5300293,769.2600098,769.2600098,0.083661325
11/27/2015,769.1599731,774,767,771.9699707,771.9699707,0.091743891
11/30/2015,771.8699951,775.0300293,761.1199951,762.8499756,762.8499756,0.120393783
12/1/2015,766.9400024,785,765.9500122,783.789978,783.789978,0.100652145
12/2/2015,785.25,793.0499878,776.4299927,777.8499756,777.8499756,0.092957835
12/3/2015,780.5599976,784.4799805,762.4500122,768.2000122,768.2000122,0.12900726
12/4/2015,769.710022,782.4199829,765.5100098,779.210022,779.210022,0.049120833
12/7/2015,780.0599976,781,766.7199707,772.9899902,772.9899902,0.072774555
12/8/2015,764.5,778.6500244,762.5200195,775.1400146,775.1400146,0.098117016
12/9/2015,771.0999756,776.0900269,752.0100098,762.5499878,762.5499878,0.068547309
12/10/2015,763.5900269,766.0700073,755,760.039978,760.039978,0.128251723
12/11/2015,749,757.4400024,748.6500244,750.4199829,750.4199829,0.091316594
12/14/2015,751.2600098,764.1500244,736.2600098,762.539978,762.539978,0.110048343
12/15/2015,767.789978,774.75,758,760.0900269,760.0900269,0.112330382
12/16/2015,766.5700073,781.5,757.0499878,776.5900269,776.5900269,0.10178263
12/17/2015,781.1599731,781.5900269,769.2999878,769.8300171,769.8300171,0.049564773
12/18/2015,767.2299805,774.1400146,756.5900269,756.8499756,756.8499756,0.084451912
12/21/2015,763.0499878,766.3499756,754.1500244,760.7999878,760.7999878,0.093872139
12/22/2015,764.2700195,770.3400269,761.2000122,767.1300049,767.1300049,0.073784439
12/23/2015,770.6900024,771.9000244,757.6500244,768.5100098,768.5100098,0.067886743
12/24/2015,768.5200195,769.2000122,764.3900146,765.8400269,765.8400269,0.108816473
12/28/2015,770,782.8200073,767.7299805,782.2399902,782.2399902,0.125594897
12/29/2015,786.9899902,798.6900024,786.2000122,793.960022,793.960022,0.083233616
12/30/2015,793.960022,796.460022,787.2000122,790.2999878,790.2999878,0.098159039
12/31/2015,787.8200073,788.3300171,777.3200073,778.0100098,778.0100098,0.117779706
1/4/2016,762.2000122,762.2000122,747.539978,759.4400024,759.4400024,0.076889012
1/5/2016,764.0999756,769.2000122,755.6500244,761.5300293,761.5300293,0.082144521
1/6/2016,750.3699951,765.7299805,748,759.3300171,759.3300171,0.065709375
1/7/2016,746.4899902,755.3099976,735.2800293,741,741,0.030242149
1/8/2016,747.7999878,750.1199951,728.9199829,730.9099731,730.9099731,0.076000518
1/11/2016,731.9500122,735.0800171,719.5599976,733.0700073,733.0700073,0.079228168
1/12/2016,740.75,748.3400269,736.4299927,745.3400269,745.3400269,0.084245932
1/13/2016,749.3400269,753,716.7800293,719.5700073,719.5700073,0.079408187
1/14/2016,724.4400024,739.8900146,705,731.3900146,731.3900146,0.09283657
1/15/2016,709.9899902,724.1599731,701.5100098,710.4899902,710.4899902,0.071153755
1/19/2016,720.1500244,725.3499756,709.8499756,719.0800171,719.0800171,0.10925
1/20/2016,705.9000244,726.9500122,687.7800293,718.5599976,718.5599976,0.084715168
1/21/2016,720.1699829,737.6699829,711.1099854,726.6699829,726.6699829,0.099864693
1/22/2016,742,748.5599976,740.5,745.460022,745.460022,0.07798564
1/25/2016,743.8400269,752.460022,732.5,733.6199951,733.6199951,0.066119587
1/26/2016,735.210022,739.460022,726.9699707,733.789978,733.789978,0.072657333
1/27/2016,735.8900146,735.8900146,713.4500122,717.5800171,717.5800171,0.09269281
1/28/2016,738.1900024,751.1599731,730.5999756,748.2999878,748.2999878,0.076463567
1/29/2016,748.960022,765.1099854,744.2000122,761.3499756,761.3499756,0.035508598
2/1/2016,771.2600098,777.5900269,761.3800049,770.7700195,770.7700195,0.134222357
2/2/2016,800.5,810.3499756,780.5999756,780.9099731,780.9099731,0.138927614
2/3/2016,786.2800293,791.4299927,736.2600098,749.3800049,749.3800049,0.106803233
2/4/2016,744.5900269,745.2399902,722.5999756,730.0300293,730.0300293,0.081086574
2/5/2016,725.5,726.7199707,700.1400146,703.7600098,703.7600098,0.029198937
2/8/2016,687.6799927,704.5200195,682.0100098,704.1599731,704.1599731,0.072556338
2/9/2016,692.9500122,720.960022,688.5,701.0200195,701.0200195,0.108666015
2/10/2016,711.789978,723.2199707,705.3900146,706.8499756,706.8499756,0.077491421
2/11/2016,696.3400269,712.3200073,691.1900024,706.3599854,706.3599854,0.069761823
2/12/2016,712.210022,716,701.5800171,706.8900146,706.8900146,0.05837698
2/16/2016,718.6500244,722.8800049,710.1799927,717.6400146,717.6400146,0.063349469
2/17/2016,727,733.7600098,716.6099854,731.9699707,731.9699707,0.111501952
2/18/2016,733.960022,736,715.5499878,717.5100098,717.5100098,0.081990161
2/19/2016,715.9000244,724.0300293,713.1199951,722.1099854,722.1099854,0.118591142
2/22/2016,729.5100098,734.8499756,723.4500122,729.0499878,729.0499878,0.083873664
2/23/2016,726.0999756,730.9000244,715.6699829,717.289978,717.289978,0.083709189
2/24/2016,710.6099854,721.2199707,702.0200195,720.9000244,720.9000244,0.096988226
2/25/2016,722.9299927,729.5100098,713.2299805,729.1199951,729.1199951,0.08368064
2/26/2016,733.5999756,736.1599731,721.9400024,724.8599854,724.8599854,0.093707233
2/29/2016,721,730.5999756,716.8400269,717.2199707,717.2199707,-0.001581434
3/1/2016,721.2999878,742.3300171,718.6400146,742.1699829,742.1699829,0.009091039
3/2/2016,742.8699951,743.1199951,733.25,739.4799805,739.4799805,0.126825625
3/3/2016,739.4799805,741,729.6300049,731.5900269,731.5900269,0.080576437
3/4/2016,734.7999878,735,725.6199951,730.2199707,730.2199707,0.09501906
3/7/2016,725.1500244,727.210022,705.1400146,712.7999878,712.7999878,0.054113858
3/8/2016,708.3900146,722.25,704,713.5300293,713.5300293,0.125259097
3/9/2016,715.1699829,726.2399902,712.6599731,725.4099731,725.4099731,0.118214508
3/10/2016,727.789978,736.539978,723.289978,732.1699829,732.1699829,0.146164687
3/11/2016,739.9500122,744.9000244,736.7000122,744.8699951,744.8699951,-0.101568227
3/14/2016,744.9699707,754.2600098,743.6599731,750.2399902,750.2399902,0.099381697
3/15/2016,746.0200195,753.0100098,742.8400269,750.5700073,750.5700073,0.097383818
3/16/2016,749.0499878,759,746.5,757.3599854,757.3599854,0.098627207
3/17/2016,757.6500244,765.3400269,757.3599854,758.4799805,758.4799805,0.069829872
3/18/2016,761.6300049,762.1400146,751.8200073,755.4099731,755.4099731,0.112740343
3/21/2016,753.9099731,763.3400269,751.2700195,762.1599731,762.1599731,0.078202252
3/22/2016,758.4400024,765,757.8800049,760.0499878,760.0499878,0.079246571
3/23/2016,763.3499756,765.3900146,756.0300293,757.5599976,757.5599976,0.096004431
3/24/2016,751.2000122,757.5599976,750.5,754.8400269,754.8400269,0.070136364
3/28/2016,756.1699829,758.2999878,752.039978,753.2800293,753.2800293,0.09301948
3/29/2016,753.6799927,767.1799927,748.289978,765.8900146,765.8900146,0.085129863
3/30/2016,768.210022,777.3099976,767.5800171,768.3400269,768.3400269,0.101906167
3/31/2016,768.3400269,769.0800171,758.25,762.9000244,762.9000244,0.073903771
4/1/2016,757.1599731,770.039978,755.2000122,769.6699829,769.6699829,0.018239142
4/4/2016,769.5100098,772.4400024,761.789978,765.1199951,765.1199951,0.059255891
4/5/2016,758.1300049,762.8699951,755.5999756,758.5700073,758.5700073,0.060556859
4/6/2016,757.8400269,768.4199829,756.2999878,768.0700073,768.0700073,0.092668721
4/7/2016,765.3200073,769.3599854,757.5,760.1199951,760.1199951,0.069539178
4/8/2016,765.8699951,767.1300049,755.7700195,759.4699707,759.4699707,0.082467482
4/11/2016,765.4500122,767.2199707,757.3400269,757.539978,757.539978,0.098354892
4/12/2016,758.4299927,764.9199829,751.5700073,764.3200073,764.3200073,0.095537832
4/13/2016,770.3099976,775.75,764.5900269,771.9099731,771.9099731,0.072866913
4/14/2016,775.3599854,779.6099854,773.2199707,775.3900146,775.3900146,0.107649464
4/15/2016,775.5,780.9299927,774.9299927,780,780,0.103164216
4/18/2016,780.1900024,788.5499878,777.6099854,787.6799927,787.6799927,0.101104281
4/19/2016,790.5,790.9500122,770.2700195,776.25,776.25,0.08410044
4/20/2016,779.1599731,779.6599731,771.2700195,774.9199829,774.9199829,-0.000512258
4/21/2016,777.3099976,781.6799927,771.5499878,780,780,0.040286798
4/22/2016,743.9099731,753.9199829,730.3699951,737.7700195,737.7700195,0.055387199
4/25/2016,735.3499756,744.8800049,735.0999756,742.210022,742.210022,0.113005261
4/26/2016,744.4199829,745.5900269,720.3200073,725.3699951,725.3699951,0.066955376
4/27/2016,725.3200073,727.1500244,709.0800171,721.460022,721.460022,0.063343681
4/28/2016,723.289978,729.2600098,703.2000122,705.0599976,705.0599976,0.080827682
4/29/2016,704.1199951,712.1099854,703.7800293,707.8800049,707.8800049,0.08422048
5/2/2016,711.9199829,715.4099731,706.3599854,714.4099731,714.4099731,0.089040136
5/3/2016,712.5,713.3699951,707.3300171,708.4400024,708.4400024,0.085608666
5/4/2016,706.7700195,715.0499878,704.0499878,711.3699951,711.3699951,0.10436318
5/5/2016,715,717.5499878,709.4500122,714.710022,714.710022,0.105315711
5/6/2016,712.2000122,725.9899902,711.9500122,725.1799927,725.1799927,0.054708934
5/9/2016,726.7000122,734.289978,723.5,729.1300049,729.1300049,0.090318182
5/10/2016,734.960022,740,731.6099854,739.3800049,739.3800049,0.130785348
5/11/2016,740.5200195,740.7999878,727.9000244,730.5499878,730.5499878,0.00832741
5/12/2016,732,735.3699951,724.2700195,728.0700073,728.0700073,0.061438664
5/13/2016,726.6199951,731.289978,723.5100098,724.8300171,724.8300171,0.082242857
5/16/2016,724.3200073,732.6799927,720,730.2999878,730.2999878,0.068887355
5/17/2016,731.0599976,735.8499756,718,720.1900024,720.1900024,0.06174095
5/18/2016,718.5,725.5700073,715.0200195,721.7800293,721.7800293,0.100531763
5/19/2016,718.2999878,720.5,710.3099976,715.3099976,715.3099976,0.104875206
5/20/2016,716.460022,727.7000122,715.0100098,721.710022,721.710022,0.117389425
5/23/2016,719.9799805,723.5,716.9400024,717.25,717.25,0.106953392
5/24/2016,719.8499756,734.2000122,719.6500244,733.0300293,733.0300293,0.040007414
5/25/2016,735,739.8900146,732.5999756,738.0999756,738.0999756,0.102418167
5/26/2016,736,741.0999756,733,736.9299927,736.9299927,0.069415519
5/27/2016,737.5100098,747.9099731,737.0100098,747.5999756,747.5999756,0.104972178
5/31/2016,748.7600098,753.4799805,745.5700073,748.8499756,748.8499756,0.093956707
6/1/2016,748.4699707,751.3699951,744.3400269,748.460022,748.460022,0.099306287
6/2/2016,746.0999756,747.2999878,737,744.2700195,744.2700195,0.082724844
6/3/2016,741.4899902,741.4899902,733.9099731,735.8599854,735.8599854,0.076143339
6/6/2016,738.5,738.5,728.289978,730.0599976,730.0599976,0.008512417
6/7/2016,733.2700195,736.710022,730.7999878,731.0900269,731.0900269,0.104090389
6/8/2016,739.5,743.8099976,735.7700195,742.9299927,742.9299927,0.13545411
6/9/2016,737.0700073,743.9299927,736.5,742.5200195,742.5200195,0.096881565
6/10/2016,735.9500122,739.6400146,730.5100098,733.1900024,733.1900024,0.072795672
6/13/2016,729.8200073,739,729.8200073,731.8800049,731.8800049,0.088401785
6/14/2016,729.3099976,736,726.5,733.25,733.25,0.087813555
6/15/2016,734.9199829,737.1500244,731.3099976,732.1900024,732.1900024,0.072524663
6/16/2016,727.960022,730.3900146,715.539978,724.25,724.25,0.075044271
6/17/2016,721.3900146,721.3900146,701.1199951,704.25,704.25,0.080806538
6/20/2016,710.3099976,715.8699951,705.4099731,706.1300049,706.1300049,0.098958657
6/21/2016,710.0499878,715.3800049,704.6599731,708.8800049,708.8800049,0.082485802
6/22/2016,714.0499878,714.210022,705.8800049,710.4699707,710.4699707,0.064664502
6/23/2016,710.5499878,714.8800049,700.25,714.8699951,714.8699951,0.102016512
6/24/2016,690.1699829,705,684.9099731,685.2000122,685.2000122,0.085285662
6/27/2016,682.4899902,683.3300171,672.6599731,681.1400146,681.1400146,0.032637104
6/28/2016,691.3699951,692.7399902,684.8499756,691.2600098,691.2600098,0.081142382
6/29/2016,694.2600098,699.5,692.6799927,695.1900024,695.1900024,0.085391183
6/30/2016,697.6500244,703.7700195,694.9000244,703.5300293,703.5300293,0.100185213
7/1/2016,705.0999756,712.5300293,703.7299805,710.25,710.25,0.057216274
7/5/2016,705.0100098,708.1199951,699.1300049,704.8900146,704.8900146,0.088645507
7/6/2016,699.8400269,713,699,708.9699707,708.9699707,0.087470545
7/7/2016,710.1099854,710.1699829,700.6699829,707.2600098,707.2600098,0.06902628
7/8/2016,710.5599976,717.9000244,708.1099854,717.7800293,717.7800293,0.098130142
7/11/2016,719.4199829,728.9299927,718.8699951,727.2000122,727.2000122,0.071189618
7/12/2016,731.9199829,735.5999756,727.5,732.5100098,732.5100098,0.067663364
7/13/2016,735.5200195,735.5200195,729.0200195,729.4799805,729.4799805,0.103599999
7/14/2016,733.9400024,736.1400146,730.5900269,735.7999878,735.7999878,0.064331113
7/15/2016,741,741,734.6400146,735.6300049,735.6300049,0.06496984
7/18/2016,737.9099731,755.1400146,736.5100098,753.2000122,753.2000122,0.088618928
7/19/2016,749.8699951,756.5900269,748.4899902,753.4099731,753.4099731,0.070451884
7/20/2016,754.0499878,760.6400146,754.0499878,757.0800171,757.0800171,0.082851125
7/21/2016,757,758.1500244,751.5200195,754.4099731,754.4099731,0.089759346
7/22/2016,757.3200073,759.4500122,752.6599731,759.2800293,759.2800293,0.107418203
7/25/2016,757.6799927,759.8200073,754.0700073,757.5200195,757.5200195,0.091917748
7/26/2016,757.5200195,759.2600098,752.75,757.6500244,757.6500244,0.072380688
7/27/2016,758.9699707,764.4500122,755.9299927,761.9699707,761.9699707,0.127738206
7/28/2016,768.8400269,768.9699707,759.0900269,765.8400269,765.8400269,0.133485028
7/29/2016,797.710022,803.9400024,790,791.3400269,791.3400269,0.163887775
8/1/2016,786.6699829,807.4899902,785.039978,800.9400024,800.9400024,0.106628873
8/2/2016,797.3300171,802.3200073,794.5300293,800.1199951,800.1199951,0.086881962
8/3/2016,796.4699707,799.539978,793.0200195,798.9199829,798.9199829,0.086047397
8/4/2016,798.2399902,800.2000122,793.9199829,797.25,797.25,0.09527037
8/5/2016,800.1099854,807.2199707,797.8099976,806.9299927,806.9299927,0.085501818
8/8/2016,806,807.5999756,801.6900024,805.2299805,805.2299805,0.067703061
8/9/2016,804.4899902,813.3300171,804.0599976,807.4799805,807.4799805,0.060583398
8/10/2016,807.0499878,810.8800049,806.4899902,808.4899902,808.4899902,0.025277179
8/11/2016,810.4699707,813.8800049,806,808.2000122,808.2000122,0.048043338
8/12/2016,805.0900269,807.1900024,803.6400146,807.0499878,807.0499878,0.085394026
8/15/2016,807.210022,811.3599854,804.0300293,805.960022,805.960022,0.078137183
8/16/2016,803.5,804.2600098,797,801.1900024,801.1900024,0.064742595
8/17/2016,800,805.6300049,796.2999878,805.4199829,805.4199829,0.058629027
8/18/2016,805.3599854,808,801.6300049,802.75,802.75,0.144702873
8/19/2016,799.789978,801.2299805,796.8800049,799.6500244,799.6500244,0.079357474
8/22/2016,798.5100098,799.2999878,794.3300171,796.9500122,796.9500122,0.05941746
8/23/2016,800.4799805,801,795.9899902,796.5900269,796.5900269,0.076526816
8/24/2016,796.8599854,798.460022,790.7600098,793.5999756,793.5999756,0.051708064
8/25/2016,792,794.7199707,787.2299805,791.2999878,791.2999878,0.056671528
8/26/2016,792.4899902,799.4000244,789.4099731,793.2199707,793.2199707,0.095770535
8/29/2016,793.0499878,798.5200195,790.3200073,795.8200073,795.8200073,0.051962107
8/30/2016,792.8800049,798,789.4699707,791.9199829,791.9199829,0.101306075
8/31/2016,789.5999756,791.5700073,787.2000122,789.8499756,789.8499756,0.068523125
9/1/2016,791.9799805,792.8900146,786.3300171,791.4000244,791.4000244,0.058834225
9/2/2016,795.2700195,797.0999756,793.2600098,796.8699951,796.8699951,0.053376485
9/6/2016,798.3900146,810.8900146,795.4299927,808.0200195,808.0200195,0.091553935
9/7/2016,807.9299927,810.5999756,803.7199707,807.9899902,807.9899902,0.094161102
9/8/2016,805.2199707,808.4199829,801.0100098,802.8400269,802.8400269,0.07382201
9/9/2016,798.7700195,801.75,788.0499878,788.4799805,788.4799805,0.070571559
9/12/2016,784.5200195,800.1699829,783.5,798.8200073,798.8200073,0.075842247
9/13/2016,794.0100098,795.789978,784.3300171,788.7199707,788.7199707,0.0765614
9/14/2016,787.5300293,796.3300171,787.5300293,790.460022,790.460022,0.070771073
9/15/2016,790.0100098,803.6500244,788.6599731,801.2299805,801.2299805,0.072341949
9/16/2016,799.0200195,799.0200195,793.6199951,797.9699707,797.9699707,0.083294686
9/19/2016,801.1099854,803.9899902,793.5599976,795.3900146,795.3900146,0.114431207
9/20/2016,800,802.75,798.2600098,799.7800293,799.7800293,0.105608175
9/21/2016,801.2600098,805.9099731,796.0300293,805.0300293,805.0300293,0.076969953
9/22/2016,810,819.0599976,807.710022,815.9500122,815.9500122,0.088180606
9/23/2016,815.1400146,817,812.7299805,814.960022,814.960022,0.100784482
9/26/2016,809.8200073,810.0800171,800.4500122,802.6500244,802.6500244,0.052538867
9/27/2016,801.8300171,813.4899902,801.8300171,810.7299805,810.7299805,0.101622201
9/28/2016,804.0800171,810.25,802.7800293,810.0599976,810.0599976,0.062947606
9/29/2016,807.2299805,813.9099731,800.8599854,802.6400146,802.6400146,0.08594828
9/30/2016,803.5999756,808.0900269,801.5,804.0599976,804.0599976,0.105039498
10/3/2016,802.5499878,803.539978,796.2299805,800.3800049,800.3800049,0.030107645
10/4/2016,805,806.5,799.6699829,802.789978,802.789978,0.066323241
10/5/2016,806,808.5,800.710022,801.2299805,801.2299805,0.082080254
10/6/2016,804.0800171,806.9500122,800.5100098,803.0800171,803.0800171,0.070885701
10/7/2016,805.9299927,805.9400024,796.8200073,800.710022,800.710022,0.082818207
10/10/2016,803.9299927,817.3800049,802.2399902,814.1699829,814.1699829,0.071646011
10/11/2016,814.1699829,819.8599854,807.3699951,809.5700073,809.5700073,0.067481358
10/12/2016,811.960022,814.5,808.5499878,811.7700195,811.7700195,0.073503254
10/13/2016,806.0700073,806.5599976,798.6199951,804.0800171,804.0800171,0.057430803
10/14/2016,807.4500122,810.0900269,802.3200073,804.5999756,804.5999756,0.063515371
10/17/2016,805.9899902,813.4899902,803.8300171,806.8400269,806.8400269,0.116394254
10/18/2016,814.210022,828.8099976,813.3300171,821.4899902,821.4899902,0.129057319
10/19/2016,822.8800049,829.7999878,822.8800049,826.8400269,826.8400269,0.112945578
10/20/2016,827.5599976,828.4699707,820.5499878,821.6300049,821.6300049,0.104546967
10/21/2016,820,824.289978,818.3099976,824.0599976,824.0599976,0.116235915
10/24/2016,830.0900269,837.9400024,829.039978,835.7399902,835.7399902,0.086395006
10/25/2016,838.5,838.5,825.2999878,828.5499878,828.5499878,0.08529358
10/26/2016,827.1199951,827.710022,816.3499756,822.0999756,822.0999756,0.065052555
10/27/2016,823.0100098,826.5800171,814.6099854,817.3499756,817.3499756,0.112100434
10/28/2016,829.9400024,839,817,819.5599976,819.5599976,0.118587233
10/31/2016,822.4299927,822.6300049,808,809.9000244,809.9000244,0.081264568
11/1/2016,810.8699951,813.960022,798.2600098,805.4799805,805.4799805,0.065723578
11/2/2016,806.7600098,806.7600098,785,788.4199829,788.4199829,0.066985909
11/3/2016,784.5,790,778.6300049,782.1900024,782.1900024,0.08491157
11/4/2016,771.2999878,788.4799805,771,781.0999756,781.0999756,0.088105573
11/7/2016,794.9500122,805,792.9000244,802.0300293,802.0300293,0.119082758
11/8/2016,802.0300293,816.039978,799.6199951,811.9799805,811.9799805,0.106668062
11/9/2016,801.8300171,811.710022,792.039978,805.5900269,805.5900269,0.065625699
11/10/2016,810,810.0599976,768.2299805,780.289978,780.289978,0.058369594
11/11/2016,776.8099976,777.289978,765.539978,771.75,771.75,0.081002316
11/14/2016,771.7600098,771.7800293,743.5900269,753.2199707,753.2199707,0.104389575
11/15/2016,765.4699707,780.2399902,765.2199707,775.1599731,775.1599731,-0.024629425
11/16/2016,770.4199829,783.5,766.3300171,779.9799805,779.9799805,0.099479037
11/17/2016,782.5,788.9000244,779.8499756,786.1599731,786.1599731,0.073657062
11/18/2016,787.1699829,791.289978,775.3499756,775.9699707,775.9699707,0.042290381
11/21/2016,778.0999756,786.5499878,776.2999878,784.7999878,784.7999878,0.100492616
11/22/2016,788.9899902,793.7700195,783.7399902,785,785,0.134612302
11/23/2016,789.5200195,789.5200195,772.6500244,779,779,0.108609473
11/25/2016,782.6099854,782.9000244,778.1900024,780.2299805,780.2299805,0.116112112
11/28/2016,778.3499756,799.7399902,778.0999756,785.789978,785.789978,0.094217744
11/29/2016,788.3800049,796.4400024,785.3400269,789.4400024,789.4400024,0.127616448
11/30/2016,789.0999756,791.5100098,773.1500244,775.8800049,775.8800049,0.065890454
12/1/2016,778.5499878,778.5999756,753.3599854,764.3300171,764.3300171,0.112378815
12/2/2016,761.9000244,770.5,759,764.460022,764.460022,0.140638344
12/5/2016,770,780,766.9699707,778.2199707,778.2199707,0.096128215
12/6/2016,780.1900024,785.2800293,773.3200073,776.1799927,776.1799927,0.105937664
12/7/2016,779.9500122,792,773.5300293,791.4699707,791.4699707,0.131707978
12/8/2016,792.9500122,799,787.9099731,795.1699829,795.1699829,0.153589705
12/9/2016,799.2999878,809.9500122,798.0499878,809.4500122,809.4500122,0.097849149
12/12/2016,804.8200073,811.3499756,804.5300293,807.9000244,807.9000244,0.085234639
12/13/2016,812.3900146,824.2999878,811.9400024,815.3400269,815.3400269,0.074937327
12/14/2016,815.9199829,824.2600098,812.7800293,817.8900146,817.8900146,0.139480617
12/15/2016,817.3599854,823,812,815.6500244,815.6500244,0.110045475
12/16/2016,818.3099976,819.2000122,808.1199951,809.8400269,809.8400269,0.100394403
12/19/2016,809.2800293,816.2199707,804.5,812.5,812.5,0.116189162
12/20/2016,813.3699951,816.4899902,811,815.2000122,815.2000122,0.055270228
12/21/2016,815.7199707,815.7199707,805.0999756,812.2000122,812.2000122,0.094444803
12/22/2016,809.0999756,811.0700073,806.0300293,809.6799927,809.6799927,0.099229382
12/23/2016,808.0100098,810.9699707,805.1099854,807.7999878,807.7999878,0.131381586
12/27/2016,808.6799927,816,805.7999878,809.9299927,809.9299927,0.108543278
12/28/2016,813.3300171,813.3300171,802.4400024,804.5700073,804.5700073,0.123175977
12/29/2016,802.3300171,805.75,798.1400146,802.8800049,802.8800049,0.13021676
12/30/2016,803.210022,803.289978,789.6199951,792.4500122,792.4500122,0.100146105
1/3/2017,800.6199951,811.4400024,796.8900146,808.0100098,808.0100098,0.125708142
1/4/2017,809.8900146,813.4299927,804.1099854,807.7700195,807.7700195,0.08964989
1/5/2017,807.5,813.7399902,805.9199829,813.0200195,813.0200195,0.102147377
1/6/2017,814.9899902,828.960022,811.5,825.210022,825.210022,0.115977996
1/9/2017,826.3699951,830.4299927,821.6199951,827.1799927,827.1799927,0.086125531
1/10/2017,827.0700073,829.4099731,823.1400146,826.0100098,826.0100098,0.098263707
1/11/2017,826.6199951,829.9000244,821.4699707,829.8599854,829.8599854,0.080761441
1/12/2017,828.3800049,830.3800049,821.0100098,829.5300293,829.5300293,0.053635424
1/13/2017,831,834.6500244,829.5200195,830.9400024,830.9400024,0.10073733
1/17/2017,830,830.1799927,823.2000122,827.460022,827.460022,0.098505149
1/18/2017,829.7999878,829.8099976,824.0800171,829.0200195,829.0200195,0.062353625
1/19/2017,829,833,823.960022,824.3699951,824.3699951,0.067020502
1/20/2017,829.0900269,829.2399902,824.5999756,828.1699829,828.1699829,0.100891688
1/23/2017,831.6099854,845.539978,828.7000122,844.4299927,844.4299927,0.101082632
1/24/2017,846.9799805,851.5200195,842.2800293,849.5300293,849.5300293,0.091759341
1/25/2017,853.5499878,858.789978,849.7399902,858.4500122,858.4500122,0.073481191
1/26/2017,859.0499878,861,850.5200195,856.9799805,856.9799805,0.081510704
1/27/2017,859,867,841.9000244,845.0300293,845.0300293,0.086421919
1/30/2017,837.0599976,837.2299805,821.0300293,823.8300171,823.8300171,0.028240515
1/31/2017,819.5,823.0700073,813.4000244,820.1900024,820.1900024,-0.000871865
2/1/2017,824,824,812.25,815.2399902,815.2399902,0.10706479
2/2/2017,815,824.5599976,812.0499878,818.2600098,818.2600098,0.109277813
2/3/2017,823.1300049,826.1300049,819.3499756,820.1300049,820.1300049,0.125819102
2/6/2017,820.9199829,822.3900146,814.289978,821.6199951,821.6199951,0.006346942
2/7/2017,825.5,831.9199829,823.289978,829.2299805,829.2299805,0.080148889
2/8/2017,830.5300293,834.25,825.1099854,829.8800049,829.8800049,0.116333523
2/9/2017,831.7299805,831.9799805,826.5,830.0599976,830.0599976,0.137499796
2/10/2017,832.9500122,837.1500244,830.5100098,834.8499756,834.8499756,0.09216826
2/13/2017,837.7000122,841.7399902,836.25,838.960022,838.960022,0.159334902
2/14/2017,839.7700195,842,835.8300171,840.0300293,840.0300293,0.131614425
2/15/2017,838.8099976,841.7700195,836.2199707,837.3200073,837.3200073,0.110061718
2/16/2017,838.5,842.6900024,837.2600098,842.1699829,842.1699829,0.146528275
2/17/2017,841.3099976,846.9400024,839.7800293,846.5499878,846.5499878,0.133125475
2/21/2017,847.9899902,852.2000122,846.5499878,849.2700195,849.2700195,0.164198325
2/22/2017,848,853.789978,846.710022,851.3599854,851.3599854,0.127173808
2/23/2017,851.0800171,852.6199951,842.5,851,851,0.147677055
2/24/2017,847.6500244,848.3599854,842.960022,847.8099976,847.8099976,0.058095437
2/27/2017,844.9500122,850.6699829,843.0100098,849.6699829,849.6699829,0.095548449
2/28/2017,847.3499756,848.8300171,841.4400024,844.9299927,844.9299927,0.092567647
3/1/2017,851.3800049,858,849.0200195,856.75,856.75,0.103026843
3/2/2017,856.3099976,856.4899902,848.7199707,849.8499756,849.8499756,0.050741118
3/3/2017,848.9400024,850.8200073,844.710022,849.0800171,849.0800171,0.111301544
3/6/2017,846.8599854,848.9400024,841.1699829,847.2700195,847.2700195,0.038322302
3/7/2017,847.2600098,853.3300171,845.5200195,851.1500244,851.1500244,0.055818729
3/8/2017,853.1199951,856.9299927,851.25,853.6400146,853.6400146,0.077381726
3/9/2017,853.6900024,860.710022,852.6699829,857.8400269,857.8400269,0.114528922
3/10/2017,862.7000122,864.2299805,857.6099854,861.4099731,861.4099731,0.111386142
3/13/2017,860.8300171,867.1300049,860.8200073,864.5800171,864.5800171,0.059730082
3/14/2017,863.75,867.5800171,860.1300049,865.9099731,865.9099731,0.052466108
3/15/2017,867.9400024,869.8800049,861.2999878,868.3900146,868.3900146,0.12682305
3/16/2017,870.5300293,872.710022,867.5200195,870,870,0.03487037
3/17/2017,873.6799927,874.4199829,868.3699951,872.3699951,872.3699951,0.111138541
3/20/2017,869.4799805,870.3400269,864.6699829,867.9099731,867.9099731,0.090172758
3/21/2017,870.0599976,873.4699707,847.6900024,850.1400146,850.1400146,0.068520364
3/22/2017,849.4799805,855.3499756,847,849.7999878,849.7999878,0.102493724
3/23/2017,841.3900146,841.6900024,833,839.6500244,839.6500244,0.050824009
3/24/2017,842,844,829.0999756,835.1400146,835.1400146,0.056310875
3/27/2017,828.0900269,841.3800049,824.2999878,838.5100098,838.5100098,0.054896272
3/28/2017,839.6900024,845.4000244,832.2700195,840.6300049,840.6300049,0.116316066
3/29/2017,842.75,851.5900269,841.3800049,849.8699951,849.8699951,0.121405665
3/30/2017,851.9799805,852,846.7700195,849.4799805,849.4799805,0.141946772
3/31/2017,846.8300171,849.5599976,845.2399902,847.7999878,847.7999878,0.09603849
4/3/2017,848.75,859,847.5300293,856.75,856.75,0.086194575
4/4/2017,848,853,847.5100098,852.5700073,852.5700073,0.082018902
4/5/2017,854.710022,860.5900269,847.5200195,848.9099731,848.9099731,0.096115642
4/6/2017,849.5,853.5900269,844,845.0999756,845.0999756,0.045963353
4/7/2017,845,845.8800049,837.2999878,842.0999756,842.0999756,0.060866129
4/10/2017,841.539978,846.7399902,840.789978,841.7000122,841.7000122,0.032632841
4/11/2017,841.7000122,844.6300049,834.5999756,839.8800049,839.8800049,0.027494274
4/12/2017,838.460022,843.7199707,837.5900269,841.460022,841.460022,0.103982727
4/13/2017,841.039978,843.7299805,837.8499756,840.1799927,840.1799927,0.067769081
4/17/2017,841.3800049,855.6400146,841.0300293,855.1300049,855.1300049,0.110070071
4/18/2017,852.539978,857.3900146,851.25,853.9899902,853.9899902,0.11941479
4/19/2017,857.3900146,860.2000122,853.5300293,856.5100098,856.5100098,0.059444156
4/20/2017,859.7399902,863.9299927,857.5,860.0800171,860.0800171,0.129298809
4/21/2017,860.6199951,862.4400024,857.7299805,858.9500122,858.9500122,0.092625097
4/24/2017,868.4400024,879.960022,866.1099854,878.9299927,878.9299927,0.086732923
4/25/2017,882.2600098,892.25,879.2800293,888.8400269,888.8400269,0.101297649
4/26/2017,891.3900146,892.9899902,885.1500244,889.1400146,889.1400146,0.110930901
4/27/2017,890,893.3800049,887.1799927,891.4400024,891.4400024,0.13308998
4/28/2017,929,935.9000244,923.2199707,924.5200195,924.5200195,0.14719485
5/1/2017,924.1500244,935.8200073,920.7999878,932.8200073,932.8200073,0.132593267
5/2/2017,933.2700195,942.9899902,931,937.0900269,937.0900269,0.163294088
5/3/2017,936.0499878,950.2000122,935.210022,948.4500122,948.4500122,0.120136931
5/4/2017,950.289978,959.1400146,947.3699951,954.7199707,954.7199707,0.121377896
5/5/2017,956.7199707,958.4400024,948.0999756,950.2800293,950.2800293,0.128008306
5/8/2017,947.4500122,960.9899902,947.4000244,958.6900024,958.6900024,0.097956126
5/9/2017,961.3300171,962.2000122,954.4000244,956.710022,956.710022,0.150879703
5/10/2017,956.2199707,956.710022,949.8400269,954.8400269,954.8400269,0.095964789
5/11/2017,951.289978,957.9899902,948.6099854,955.8900146,955.8900146,0.094883619
5/12/2017,957.8499756,957.9799805,952.0599976,955.1400146,955.1400146,0.095104514
5/15/2017,955.289978,962.7000122,952.8200073,959.2199707,959.2199707,0.033868047
5/16/2017,963.5499878,965.9000244,960.3499756,964.6099854,964.6099854,0.068536196
5/17/2017,959.7000122,960.9899902,940.0599976,942.1699829,942.1699829,0.076426968
5/18/2017,943.2000122,954.1799927,941.2700195,950.5,950.5,0.088507395
5/19/2017,952.8200073,959.5599976,952,954.6500244,954.6500244,0.081539634
5/22/2017,957,964.8200073,956.5599976,964.0700073,964.0700073,0.098219479
5/23/2017,969.960022,974.5100098,964.5,970.5499878,970.5499878,0.117640346
5/24/2017,975.2600098,978.1199951,971.6300049,977.6099854,977.6099854,0.072777615
5/25/2017,979,995.7800293,977.8200073,991.8599854,991.8599854,0.12883328
5/26/2017,992,996.3900146,987.3599854,993.2700195,993.2700195,0.083127252
5/30/2017,992.5,997.6199951,991.3599854,996.1699829,996.1699829,0.131448804
5/31/2017,996.210022,999.5999756,981.6799927,987.0900269,987.0900269,0.134769495
6/1/2017,990.960022,993.1400146,981.289978,988.289978,988.289978,0.122410958
6/2/2017,988.5900269,996.4799805,987.0700073,996.1199951,996.1199951,0.111726123
6/5/2017,997.8900146,1007.400024,995.4500122,1003.880005,1003.880005,0.122493273
6/6/2017,1003.309998,1008.609985,994.7999878,996.6799927,996.6799927,0.118154659
6/7/2017,999.0900269,1003.909973,995.8699951,1001.5,1001.5,0.149957835
6/8/2017,1004.22998,1005.599976,996.6199951,1004.280029,1004.280029,0.129326765
6/9/2017,1005.48999,1005.5,953.3699951,970.1199951,970.1199951,0.099212212
6/12/2017,958.7199707,968,936.7999878,961.8099976,961.8099976,0.079352128
6/13/2017,972.039978,977.9099731,962.0100098,970.5,970.5,0.025026759
6/14/2017,975.5,979.7000122,959.5100098,967.9299927,967.9299927,0.113151212
6/15/2017,948.0200195,960.6799927,940.3699951,960.1799927,960.1799927,0.089126553
6/16/2017,957.9099731,959.9500122,948.7000122,958.6199951,958.6199951,0.069559201
6/19/2017,969.6500244,979.2999878,968.2000122,975.2199707,975.2199707,0.050301362
6/20/2017,975.3099976,980.789978,968.2000122,968.9899902,968.9899902,0.091731095
6/21/2017,970.789978,979.5499878,969.4500122,978.5900269,978.5900269,0.120941892
6/22/2017,976.8699951,980.5,973.3099976,976.6199951,976.6199951,0.180896295
6/23/2017,975.5,986.6199951,974.460022,986.0900269,986.0900269,0.100751225
6/26/2017,990,993.9899902,970.3300171,972.0900269,972.0900269,0.082750625
6/27/2017,961.5999756,967.2199707,947.0900269,948.0900269,948.0900269,0.072747304
6/28/2017,950.6599731,963.2399902,936.1599731,961.0100098,961.0100098,0.126149239
6/29/2017,951.3499756,951.6599731,929.5999756,937.8200073,937.8200073,0.140743232
6/30/2017,943.9899902,945,929.6099854,929.6799927,929.6799927,0.145836532
7/3/2017,933.2199707,934.2399902,915.3099976,919.460022,919.460022,0.189685849
7/5/2017,924.2000122,936.289978,918.6300049,932.2600098,932.2600098,0.1642679
7/6/2017,925,936.1400146,919.8499756,927.6900024,927.6900024,0.181584092
7/7/2017,930.9899902,944.6599731,929.789978,940.8099976,940.8099976,0.209612984
7/10/2017,941.9500122,953.1300049,941.9500122,951,951,0.167319471
7/11/2017,950.5200195,954.8900146,945.1199951,953.5300293,953.5300293,0.206792213
7/12/2017,960.8599854,969.6300049,957.039978,967.6599731,967.6599731,0.193662347
7/13/2017,970.7999878,978.7000122,964.7999878,968.8499756,968.8499756,0.148163999
7/14/2017,974,977.539978,970.1500244,976.9099731,976.9099731,0.228989904
7/17/2017,976.3200073,983.3499756,970.7999878,975.960022,975.960022,0.096511471
7/18/2017,973.3599854,990.8499756,972.039978,986.9500122,986.9500122,0.140318357
7/19/2017,990.0100098,995.5999756,987.0100098,992.7700195,992.7700195,0.170843628
7/20/2017,997,998.6799927,984.6199951,992.1900024,992.1900024,0.224637727
7/21/2017,989,995.1099854,984.1699829,993.8400269,993.8400269,0.147345246
7/24/2017,994.0999756,1006.190002,990.2700195,998.3099976,998.3099976,0.129689466
7/25/2017,970.7000122,976.7299805,963.7999878,969.0300293,969.0300293,0.12046995
7/26/2017,972.7800293,973.9500122,960.2299805,965.3099976,965.3099976,0.178325091
7/27/2017,969.1799927,969.5200195,937.0599976,952.5100098,952.5100098,0.18636248
7/28/2017,947.9899902,961.789978,945.3099976,958.3300171,958.3300171,0.139105344
7/31/2017,960,961.1900024,941.7299805,945.5,945.5,0.077382413
8/1/2017,947.8099976,954.4899902,944.960022,946.5599976,946.5599976,0.127120768
8/2/2017,948.3699951,949.0999756,932.5200195,947.6400146,947.6400146,0.176488968
8/3/2017,949.0999756,950,939.4400024,940.2999878,940.2999878,0.209436648
8/4/2017,943.9500122,947.539978,939.7999878,945.789978,945.789978,0.164169882
8/7/2017,947.5200195,948.960022,943.5,945.75,945.75,0.113234485
8/8/2017,944.289978,952.4899902,942.4799805,944.1900024,944.1900024,0.076258588
8/9/2017,938.4500122,943.7600098,933.9199829,940.0800171,940.0800171,0.11671591
8/10/2017,935,936.2999878,921.7800293,923.5900269,923.5900269,0.095281972
8/11/2017,923.710022,933.3599854,921.2199707,930.0900269,930.0900269,0.104694034
8/14/2017,939.0700073,941.039978,934.4899902,938.9299927,938.9299927,0.126114024
8/15/2017,941.0300293,943.0700073,936.6400146,938.0800171,938.0800171,0.223307519
8/16/2017,941.25,949.9000244,940.039978,944.2700195,944.2700195,0.164865553
8/17/2017,942.9500122,943.8099976,927.6400146,927.6599731,927.6599731,0.146325137
8/18/2017,926.9799805,931.0200195,923.4500122,926.1799927,926.1799927,0.213124468
8/21/2017,925.7700195,928.25,918.5999756,920.8699951,920.8699951,0.213436578
8/22/2017,926.960022,941.960022,926.1699829,940.4000244,940.4000244,0.252050586
8/23/2017,937,945.4299927,935.2399902,942.5800171,942.5800171,0.128723951
8/24/2017,943.710022,946.3099976,930.7399902,936.8900146,936.8900146,0.148437235
8/25/2017,939.210022,940.7299805,930.0999756,930.5,930.5,0.054446745
8/28/2017,931.8800049,934.8499756,926.1099854,928.1300049,928.1300049,0.102666177
8/29/2017,919.9500122,938.1900024,919.3099976,935.75,935.75,0.15220904
8/30/2017,935.6699829,945.8599854,934.0499878,943.6300049,943.6300049,0.186601909
8/31/2017,946.2999878,957.2000122,946.25,955.2399902,955.2399902,0.166790334
9/1/2017,957.4699707,958.3300171,950.2800293,951.9899902,951.9899902,0.167904667
9/5/2017,946.8599854,951.3900146,935.5999756,941.4799805,941.4799805,0.202855001
9/6/2017,943.8699951,944.5,932.6799927,942.0200195,942.0200195,0.184390879
9/7/2017,944.25,950.5,937.5300293,949.8900146,949.8900146,0.205406769
9/8/2017,949.7000122,950.7000122,940.0100098,941.4099731,941.4099731,0.194267649
9/11/2017,947.2000122,952.6799927,941,943.289978,943.289978,0.103502083
9/12/2017,946.9199829,948.0900269,937.5,946.6500244,946.6500244,0.100379552
9/13/2017,945.5,952.8499756,944.7399902,950.4400024,950.4400024,0.186334921
9/14/2017,946,948.0300293,938.3599854,940.1300049,940.1300049,0.125489695
9/15/2017,940.0900269,941.75,931.25,935.289978,935.289978,0.15979897
9/18/2017,935.0100098,936.8599854,925.4000244,929.75,929.75,0.172309355
9/19/2017,933.4099731,937.9400024,926.6599731,936.8599854,936.8599854,0.236379546
9/20/2017,937.7299805,950,937.5,947.539978,947.539978,0.163690397
9/21/2017,948.1300049,952.7999878,939.3800049,947.5499878,947.5499878,0.147580689
9/22/2017,942.7700195,950,940.8400269,943.2600098,943.2600098,0.178834965
9/25/2017,939.4500122,939.75,924.5100098,934.2800293,934.2800293,0.133316924
9/26/2017,936.6900024,944.0800171,935.1199951,937.4299927,937.4299927,0.134068685
9/27/2017,942.7399902,965.4299927,941.9500122,959.9000244,959.9000244,0.187356169
9/28/2017,956.25,966.1799927,955.5499878,964.8099976,964.8099976,0.222651888
9/29/2017,966,975.8099976,966,973.7199707,973.7199707,0.196301199
10/2/2017,975.6500244,977.7399902,961.9500122,967.4699707,967.4699707,0.203606732
10/3/2017,967.5599976,972.4400024,962.710022,972.0800171,972.0800171,0.197438051
10/4/2017,971.7600098,974.4000244,965.6099854,966.7800293,966.7800293,0.1484375
10/5/2017,972.789978,986.5100098,970.2700195,985.1900024,985.1900024,0.153032718
10/6/2017,980,994.2600098,978.5100098,993.6400146,993.6400146,0.20154353
10/9/2017,995,1000.460022,991.5,992.3099976,992.3099976,0.165353934
10/10/2017,995.2999878,997.4699707,981.1099854,987.7999878,987.7999878,0.150343468
10/11/2017,989.039978,1007.570007,987.9400024,1005.650024,1005.650024,0.212554312
10/12/2017,1003.840027,1011.539978,1001.099976,1005.650024,1005.650024,0.203911429
10/13/2017,1009.109985,1014.76001,1007.059998,1007.869995,1007.869995,0.21659493
10/16/2017,1009.630005,1012,1001.52002,1009.349976,1009.349976,0.236401826
10/17/2017,1007.440002,1014.559998,1006.049988,1011,1011,0.218424037
10/18/2017,1011.049988,1016.309998,1005.320007,1012.73999,1012.73999,0.186365282
10/19/2017,1004.75,1007.320007,997.2999878,1001.840027,1001.840027,0.157353738
10/20/2017,1007.049988,1008.650024,1002.27002,1005.070007,1005.070007,0.285641269
10/23/2017,1005.179993,1005.789978,983.0999756,985.539978,985.539978,0.109743784
10/24/2017,986.5,989.2600098,977.0800171,988.4899902,988.4899902,0.121880181
10/25/2017,986.2700195,994.4299927,977.7199707,991.460022,991.460022,0.13418409
10/26/2017,998.4699707,1006.51001,990.4699707,991.4199829,991.4199829,0.154293879
10/27/2017,1030.98999,1063.619995,1026.849976,1033.670044,1033.670044,0.158925911
10/30/2017,1029.160034,1039.829956,1022.330017,1033.130005,1033.130005,0.161931737
10/31/2017,1033,1041,1026.300049,1033.040039,1033.040039,0.18864779
11/1/2017,1036.319946,1047.859985,1034,1042.599976,1042.599976,0.17756946
11/2/2017,1039.98999,1045.52002,1028.660034,1042.969971,1042.969971,0.200603436
11/3/2017,1042.75,1050.660034,1037.650024,1049.98999,1049.98999,0.165934265
11/6/2017,1049.099976,1052.589966,1042,1042.680054,1042.680054,0.206147519
11/7/2017,1049.650024,1053.410034,1043,1052.390015,1052.390015,0.169191989
11/8/2017,1050.050049,1062.689941,1047.050049,1058.290039,1058.290039,0.136847836
11/9/2017,1048,1050.880005,1035.849976,1047.719971,1047.719971,0.090380951
11/10/2017,1043.869995,1046.630005,1041.219971,1044.150024,1044.150024,0.149042802
11/13/2017,1040.800049,1048.73999,1039.26001,1041.199951,1041.199951,0.071090079
11/14/2017,1037.719971,1042.300049,1029.329956,1041.640015,1041.640015,0.15278257
11/15/2017,1035,1039.630005,1030.76001,1036.410034,1036.410034,0.172781747
11/16/2017,1038.75,1051.76001,1038,1048.469971,1048.469971,0.176907589
11/17/2017,1049.800049,1051,1033.72998,1035.890015,1035.890015,0.172629343
11/20/2017,1036,1038.699951,1032.680054,1034.660034,1034.660034,0.202168015
11/21/2017,1040.040039,1050.390015,1039.140015,1050.300049,1050.300049,0.208327036
11/22/2017,1051.160034,1055.430054,1047.25,1051.920044,1051.920044,0.105847755
11/24/2017,1054.390015,1060.069946,1051.920044,1056.52002,1056.52002,0.136571795
11/27/2017,1058.569946,1073.040039,1054.77002,1072.01001,1072.01001,0.184559384
11/28/2017,1073.98999,1080,1054.540039,1063.290039,1063.290039,0.059072921
11/29/2017,1056.180054,1058.77002,1029.650024,1037.380005,1037.380005,0.003592601
11/30/2017,1039.939941,1044.140015,1030.069946,1036.170044,1036.170044,0.081097717
12/1/2017,1030.410034,1037.23999,1016.900024,1025.069946,1025.069946,0.098780782
12/4/2017,1027.800049,1031.339966,1009.219971,1011.869995,1011.869995,0.164762114
12/5/2017,1010.98999,1036.680054,1002.320007,1019.599976,1019.599976,0.174369311
12/6/2017,1016.52002,1039.579956,1015.309998,1032.719971,1032.719971,0.201517601
12/7/2017,1036.069946,1048.920044,1035.359985,1044.569946,1044.569946,0.241375311
12/8/2017,1051.810059,1056.420044,1045.859985,1049.380005,1049.380005,0.228207889
12/11/2017,1051.109985,1056,1044.119995,1051.969971,1051.969971,0.264096246
12/12/2017,1050,1062.5,1044.869995,1048.77002,1048.77002,0.204373502
12/13/2017,1052.079956,1055.47998,1046.579956,1051.390015,1051.390015,0.228915843
12/14/2017,1055.48999,1067.079956,1053.599976,1057.469971,1057.469971,0.183556548
12/15/2017,1063.780029,1075.25,1060.089966,1072,1072,0.229216777
12/18/2017,1076.449951,1086.48999,1070.369995,1085.089966,1085.089966,0.216890542
12/19/2017,1083.02002,1084.969971,1072.27002,1079.780029,1079.780029,0.229467001
12/20/2017,1080.920044,1081.22998,1068.599976,1073.560059,1073.560059,0.273780632
12/21/2017,1075.390015,1077.52002,1069,1070.849976,1070.849976,0.198221807
12/22/2017,1070,1071.719971,1067.640015,1068.859985,1068.859985,0.233704445
12/26/2017,1068.640015,1068.859985,1058.640015,1065.849976,1065.849976,0.23926836
12/27/2017,1066.599976,1068.27002,1058.380005,1060.199951,1060.199951,0.179455337
12/28/2017,1062.25,1064.839966,1053.380005,1055.949951,1055.949951,0.22092646
12/29/2017,1055.48999,1058.050049,1052.699951,1053.400024,1053.400024,0.241068671
1/2/2018,1053.02002,1075.97998,1053.02002,1073.209961,1073.209961,0.142572368
1/3/2018,1073.930054,1096.099976,1073.430054,1091.52002,1091.52002,0.134030054
1/4/2018,1097.089966,1104.079956,1094.26001,1095.76001,1095.76001,0.180056494
1/5/2018,1103.449951,1113.579956,1101.800049,1110.290039,1110.290039,0.16088043
1/8/2018,1111,1119.160034,1110,1114.209961,1114.209961,0.196818807
1/9/2018,1118.439941,1118.439941,1108.199951,1112.790039,1112.790039,0.118818841
1/10/2018,1107,1112.780029,1103.97998,1110.140015,1110.140015,0.161982353
1/11/2018,1112.310059,1114.849976,1106.47998,1112.050049,1112.050049,0.14222371
1/12/2018,1110.099976,1131.300049,1108.01001,1130.650024,1130.650024,0.177915851
1/16/2018,1140.310059,1148.880005,1126.660034,1130.699951,1130.699951,0.21852025
1/17/2018,1136.359985,1139.319946,1123.48999,1139.099976,1139.099976,0.168504413
1/18/2018,1139.349976,1140.589966,1124.459961,1135.969971,1135.969971,0.23399633
1/19/2018,1138.030029,1143.780029,1132.5,1143.5,1143.5,0.183432037
1/22/2018,1143.819946,1166.880005,1141.819946,1164.160034,1164.160034,0.258792677
1/23/2018,1170.619995,1178.51001,1167.25,1176.170044,1176.170044,0.175735634
1/24/2018,1184.97998,1187.050049,1167.400024,1171.290039,1171.290039,0.155635422
1/25/2018,1180.709961,1185,1171.839966,1182.140015,1182.140015,0.16314523
1/26/2018,1187.530029,1187.560059,1168.030029,1187.560059,1187.560059,0.105117341
1/29/2018,1188,1198,1184.060059,1186.47998,1186.47998,0.179288235
1/30/2018,1177.719971,1187.930054,1174.51001,1177.369995,1177.369995,0.182090157
1/31/2018,1183.810059,1186.319946,1172.099976,1182.219971,1182.219971,0.194041716
2/1/2018,1175.98999,1187.449951,1169.359985,1181.589966,1181.589966,0.095213448
2/2/2018,1127.420044,1131.300049,1111.170044,1119.199951,1119.199951,0.119243739
2/5/2018,1100.609985,1114.98999,1056.73999,1062.390015,1062.390015,0.139211275
2/6/2018,1033.97998,1087.380005,1030.01001,1084.430054,1084.430054,0.15547986
2/7/2018,1084.969971,1086.530029,1054.619995,1055.410034,1055.410034,0.158782749
2/8/2018,1059.869995,1063.930054,1004.700012,1007.710022,1007.710022,0.184414849
2/9/2018,1025.880005,1051.719971,997,1046.27002,1046.27002,0.155863951
2/12/2018,1056.670044,1065.569946,1045.48999,1054.560059,1054.560059,0.17572251
2/13/2018,1050,1061.219971,1046.920044,1054.140015,1054.140015,0.179163925
2/14/2018,1054.319946,1075.469971,1049.800049,1072.699951,1072.699951,0.110300867
2/15/2018,1083.449951,1094.099976,1067.22998,1091.359985,1091.359985,0.123747485
2/16/2018,1093.380005,1108.310059,1091.550049,1095.5,1095.5,0.116571703
2/20/2018,1092.76001,1116.290039,1090,1103.589966,1103.589966,0.178713598
2/21/2018,1109.099976,1136.199951,1107.51001,1113.75,1113.75,0.175459483
2/22/2018,1119.170044,1125.459961,1105.150024,1109.900024,1109.900024,0.186880001
2/23/2018,1118.660034,1129,1108.439941,1128.089966,1128.089966,0.193567741
2/26/2018,1131.859985,1144.199951,1129.339966,1143.699951,1143.699951,0.222602231
2/27/2018,1143.699951,1144.25,1116.790039,1117.51001,1117.51001,0.232959321
2/28/2018,1122,1127.650024,1103,1103.920044,1103.920044,0.193134521
3/1/2018,1109.540039,1111.27002,1067.290039,1071.410034,1071.410034,0.066873392
3/2/2018,1057.97998,1086.890015,1050.109985,1084.140015,1084.140015,0.096379741
3/5/2018,1078.130005,1101.180054,1072.27002,1094.76001,1094.76001,0.189995174
3/6/2018,1102.099976,1105.630005,1094.5,1100.900024,1100.900024,0.14941922
3/7/2018,1092.819946,1116.199951,1089.910034,1115.040039,1115.040039,0.183650895
3/8/2018,1117.199951,1131.439941,1117.199951,1129.380005,1129.380005,0.165623415
3/9/2018,1139.5,1161,1134.290039,1160.839966,1160.839966,0.194914238
3/12/2018,1165.050049,1178.160034,1159.199951,1165.930054,1165.930054,0.206520859
3/13/2018,1171.829956,1178,1134.569946,1139.910034,1139.910034,0.14680401
3/14/2018,1145.800049,1159.76001,1142.349976,1148.890015,1148.890015,0.041814843
3/15/2018,1149.569946,1162.5,1135.660034,1150.609985,1150.609985,0.128639143
3/16/2018,1155.349976,1156.810059,1131.359985,1134.420044,1134.420044,0.254729615
3/19/2018,1117.76001,1119.369995,1088.920044,1100.069946,1100.069946,0.115654319
3/20/2018,1098.400024,1105.550049,1082.420044,1095.800049,1095.800049,0.136383117
3/21/2018,1092.569946,1108.699951,1087.209961,1094,1094,0.205631855
3/22/2018,1080.01001,1083.920044,1049.640015,1053.150024,1053.150024,0.160587845
3/23/2018,1051.369995,1066.780029,1024.869995,1026.550049,1026.550049,0.193656704
3/26/2018,1050.599976,1059.27002,1010.580017,1054.089966,1054.089966,0.131105614
3/27/2018,1063.900024,1064.540039,997.6199951,1006.940002,1006.940002,0.154758978
3/28/2018,1001.909973,1024.98999,984,1005.179993,1005.179993,0.127652924
3/29/2018,1011.210022,1048.050049,1004.039978,1037.140015,1037.140015,0.156748352
4/2/2018,1027.619995,1039.530029,994.25,1012.630005,1012.630005,0.105596386
4/3/2018,1016.150024,1025,997.25,1018.679993,1018.679993,0.143714565
4/4/2018,998.2299805,1032.73999,996.5100098,1029.709961,1029.709961,0.11949379
4/5/2018,1046.390015,1046.709961,1024,1032.640015,1032.640015,0.158412537
4/6/2018,1023.099976,1036,1006.25,1009.950012,1009.950012,0.133831679
4/9/2018,1020.039978,1044.589966,1019.200012,1020.090027,1020.090027,0.163850787
4/10/2018,1030.26001,1041.209961,1015.409973,1036.5,1036.5,0.196480969
4/11/2018,1032,1035.869995,1019.200012,1025.060059,1025.060059,0.249008707
4/12/2018,1031.469971,1044.650024,1026.050049,1037.290039,1037.290039,0.240522864
4/13/2018,1046.890015,1052.97998,1030.150024,1036.040039,1036.040039,0.229765947
4/16/2018,1045.550049,1051.430054,1033.920044,1046.099976,1046.099976,0.226301538
4/17/2018,1061.199951,1085,1057.089966,1079.359985,1079.359985,0.239012648
4/18/2018,1079.01001,1082,1070.52002,1075.390015,1075.390015,0.168833217
4/19/2018,1069.02002,1097.51001,1069.02002,1089.449951,1089.449951,0.124520787
4/20/2018,1084.27002,1094.75,1072.099976,1077.319946,1077.319946,0.130398618
4/23/2018,1082.97998,1088,1066.680054,1073.810059,1073.810059,0.144126229
4/24/2018,1059.199951,1064.48999,1012.859985,1022.640015,1022.640015,0.112430881
4/25/2018,1029.75,1036.069946,1017.01001,1022.98999,1022.98999,0.076576899
4/26/2018,1033.219971,1052.02002,1020.450012,1043.310059,1043.310059,0.109546722
4/27/2018,1045.540039,1051.699951,1027.589966,1031.449951,1031.449951,0.17242439
4/30/2018,1034.420044,1038.369995,1018.299988,1018.580017,1018.580017,0.270989231
5/1/2018,1016.299988,1041.72998,1010.609985,1040.75,1040.75,0.220348467
5/2/2018,1034,1043.97998,1023.159973,1026.050049,1026.050049,0.145636222
5/3/2018,1025.369995,1030.689941,1007.890015,1026.300049,1026.300049,0.131258181
5/4/2018,1019.609985,1051.880005,1018.049988,1051,1051,0.177303456
5/7/2018,1053.890015,1065,1050.27002,1059.459961,1059.459961,0.242687667
5/8/2018,1064.619995,1065.22998,1051.640015,1058.589966,1058.589966,0.128651345
5/9/2018,1064.099976,1094,1062.109985,1088.949951,1088.949951,0.177140278
5/10/2018,1095,1109.410034,1093.880005,1105.469971,1105.469971,0.162257441
5/11/2018,1100.410034,1109.01001,1097.219971,1103.380005,1103.380005,0.20767887
5/14/2018,1105.569946,1118.150024,1104.800049,1106.599976,1106.599976,0.155396454
5/15/2018,1096.900024,1099.119995,1078.780029,1084.869995,1084.869995,0.206864496
5/16/2018,1085.089966,1094.380005,1081.630005,1084.089966,1084.089966,0.168932341
5/17/2018,1081.459961,1091,1076.420044,1081.26001,1081.26001,0.15374479
5/18/2018,1066,1073.72998,1064.680054,1069.640015,1069.640015,0.081529096
5/21/2018,1079,1093.300049,1078,1084.01001,1084.01001,0.115616399
5/22/2018,1089.800049,1091.800049,1072.26001,1075.310059,1075.310059,0.157323693
5/23/2018,1070,1088,1066.959961,1085.959961,1085.959961,0.233320309
5/24/2018,1086.900024,1087.119995,1072.300049,1085.449951,1085.449951,0.175118719
5/25/2018,1086.550049,1089.569946,1082.599976,1084.079956,1084.079956,0.183752345
5/29/2018,1076,1081.339966,1063.079956,1068.069946,1068.069946,0.226383484
5/30/2018,1073.47998,1078.98999,1066.550049,1077.469971,1077.469971,0.081219729
5/31/2018,1082,1110,1078,1100,1100,0.153535924
6/1/2018,1112.869995,1138.160034,1112.01001,1135,1135,0.14864406
6/4/2018,1138.5,1157.859985,1137,1153.040039,1153.040039,0.203516709
6/5/2018,1154.660034,1161.099976,1147.459961,1151.02002,1151.02002,0.12680377
6/6/2018,1152.77002,1154.709961,1136.319946,1146.949951,1146.949951,0.089704559
6/7/2018,1144.579956,1145.869995,1126.119995,1134.420044,1134.420044,0.129019706
6/8/2018,1131.209961,1138.780029,1123.22998,1132.709961,1132.709961,0.171293465
6/11/2018,1132.939941,1147.73999,1131.400024,1140.900024,1140.900024,0.179186925
6/12/2018,1141.02002,1148.75,1141.02002,1148.189941,1148.189941,0.163016618
6/13/2018,1152.280029,1155.640015,1143.380005,1144.22998,1144.22998,0.231849309
6/14/2018,1152.209961,1165.98999,1150.599976,1160.109985,1160.109985,0.184008645
6/15/2018,1159.920044,1163.910034,1153.689941,1159.27002,1159.27002,0.190516448
6/18/2018,1152.689941,1184.130005,1151,1183.579956,1183.579956,0.157092672
6/19/2018,1170.109985,1182.810059,1161.609985,1178.689941,1178.689941,0.204201058
6/20/2018,1183.300049,1201.48999,1182.030029,1184.069946,1184.069946,0.178885053
6/21/2018,1185.51001,1190.329956,1163.47998,1169.439941,1169.439941,0.148617532
6/22/2018,1171.48999,1175,1159.650024,1169.290039,1169.290039,-0.002191773
6/25/2018,1155,1155.98999,1119.900024,1139.280029,1139.280029,0.110969589
6/26/2018,1144.140015,1146.869995,1129,1132.619995,1132.619995,0.19523721
6/27/2018,1136,1146.209961,1116.699951,1116.939941,1116.939941,0.097528206
6/28/2018,1112.390015,1134,1106.069946,1126.780029,1126.780029,0.15502923
6/29/2018,1132.310059,1141.359985,1127.02002,1129.189941,1129.189941,0.207776208
7/2/2018,1115.349976,1142.98999,1106.599976,1142.109985,1142.109985,0.215909158
7/3/2018,1149.420044,1149.910034,1114.430054,1116.280029,1116.280029,0.184076656
7/5/2018,1124.599976,1144.140015,1123.119995,1141.290039,1141.290039,0.180478135
7/6/2018,1141.77002,1156.199951,1137.23999,1155.079956,1155.079956,0.21519341
7/9/2018,1160,1167.930054,1157.22998,1167.280029,1167.280029,0.160635939
7/10/2018,1169.98999,1173.5,1162.560059,1167.140015,1167.140015,0.19481295
7/11/2018,1155.619995,1180.439941,1155.369995,1171.459961,1171.459961,0.133849618
7/12/2018,1174.859985,1201.98999,1173.099976,1201.26001,1201.26001,0.18467335
7/13/2018,1202.800049,1210.439941,1195.290039,1204.420044,1204.420044,0.20780365
7/16/2018,1203.810059,1208.709961,1193.400024,1196.51001,1196.51001,0.188742903
7/17/2018,1182.73999,1218.76001,1182,1213.079956,1213.079956,0.119398958
7/18/2018,1208.530029,1221.589966,1204.560059,1212.910034,1212.910034,0.103909558
7/19/2018,1206.650024,1216.47998,1197.72998,1199.099976,1199.099976,0.130535
7/20/2018,1199.23999,1210.77002,1196.589966,1197.880005,1197.880005,0.19444096
7/23/2018,1195.660034,1215.099976,1192.01001,1211,1211,0.176531235
7/24/2018,1271,1275,1244.140015,1258.150024,1258.150024,0.156978099
7/25/2018,1252.619995,1278.23999,1249.050049,1275.939941,1275.939941,0.132877991
7/26/2018,1267.180054,1287.400024,1263,1285.5,1285.5,0.137452225
7/27/2018,1289.119995,1291.439941,1244.48999,1252.890015,1252.890015,0.182514704
7/30/2018,1245.050049,1252.890015,1224.170044,1230.040039,1230.040039,0.1883299
7/31/2018,1231.709961,1241.209961,1216.189941,1227.219971,1227.219971,0.137091208
8/1/2018,1239.109985,1245.900024,1224.939941,1232.98999,1232.98999,0.087341889
8/2/2018,1218.5,1244.410034,1218.060059,1241.130005,1241.130005,0.172722243
8/3/2018,1245.180054,1246.52002,1229.420044,1238.160034,1238.160034,0.228761847
8/6/2018,1241.609985,1242.459961,1230.530029,1237.670044,1237.670044,0.194955348
8/7/2018,1252.01001,1266.079956,1251.800049,1255.839966,1255.839966,0.196711344
8/8/2018,1256.719971,1271.719971,1252.119995,1261.329956,1261.329956,0.1828429
8/9/2018,1262.72998,1271.959961,1260.099976,1264.459961,1264.459961,0.190392021
8/10/2018,1259.180054,1261.199951,1247.160034,1252.51001,1252.51001,0.144215304
8/13/2018,1251.199951,1265.969971,1247.030029,1248.640015,1248.640015,0.199759742
8/14/2018,1252.5,1260.589966,1239.540039,1258.140015,1258.140015,0.150543457
8/15/2018,1244.280029,1251.97998,1226.23999,1232.219971,1232.219971,0.188136997
8/16/2018,1241.98999,1243.699951,1219.630005,1224.060059,1224.060059,0.113490178
8/17/2018,1222.040039,1226.949951,1204,1215.849976,1215.849976,0.141873581
8/20/2018,1220.660034,1225.910034,1208.699951,1221.949951,1221.949951,0.15744943
8/21/2018,1223.02002,1232.76001,1215.030029,1217.410034,1217.410034,0.2293621
8/22/2018,1214.219971,1226.530029,1213.219971,1221.75,1221.75,0.202815565
8/23/2018,1219.880005,1235.170044,1219.349976,1221.160034,1221.160034,0.210399398
8/24/2018,1226,1237.400024,1221.420044,1236.75,1236.75,0.168698593
8/27/2018,1244.140015,1257.869995,1240.680054,1256.27002,1256.27002,0.22059525
8/28/2018,1255.900024,1256.560059,1242.969971,1245.859985,1245.859985,0.119399845
8/29/2018,1255,1267.170044,1252.800049,1264.650024,1264.650024,0.127185041
8/30/2018,1263.400024,1269.48999,1247.209961,1254.439941,1254.439941,0.165390297
8/31/2018,1252.209961,1252.550049,1225.75,1231.800049,1231.800049,0.199797282
9/4/2018,1222.52002,1227.869995,1206.560059,1211.310059,1211.310059,0.170984685
9/5/2018,1209.219971,1214.869995,1175.339966,1199.099976,1199.099976,0.13108569
9/6/2018,1198.569946,1198.98999,1163.609985,1183.98999,1183.98999,0.120965658
9/7/2018,1172,1188.550049,1169.27002,1177.589966,1177.589966,0.148655638
9/10/2018,1184.199951,1186.660034,1170.609985,1175.060059,1175.060059,0.194238687
9/11/2018,1171.099976,1190.939941,1165.949951,1189.98999,1189.98999,0.155689106
9/12/2018,1182,1190.689941,1166.160034,1171.599976,1171.599976,0.156546633
9/13/2018,1179.699951,1187.859985,1169.219971,1182.140015,1182.140015,0.136195154
9/14/2018,1188,1188,1173.52002,1177.97998,1177.97998,0.150296154
9/17/2018,1177.77002,1181.819946,1158.459961,1159.829956,1159.829956,0.221573065
9/18/2018,1162.660034,1181.329956,1161.430054,1167.109985,1167.109985,0.126540822
9/19/2018,1168.959961,1176.27002,1158.619995,1174.27002,1174.27002,0.18565943
9/20/2018,1180.670044,1194,1176.25,1191.569946,1191.569946,0.182694696
9/21/2018,1194.920044,1196.579956,1172.060059,1172.119995,1172.119995,0.109413142
9/24/2018,1159.410034,1185.189941,1151.5,1179.560059,1179.560059,0.172358982
9/25/2018,1184.25,1196.859985,1174.089966,1193.890015,1193.890015,0.14346925
9/26/2018,1193.689941,1207.23999,1185.400024,1194.060059,1194.060059,0.174391081
9/27/2018,1200,1216.859985,1198.050049,1207.359985,1207.359985,0.17664159
9/28/2018,1204.089966,1208.449951,1197.829956,1207.079956,1207.079956,0.175770225
10/1/2018,1213,1224.199951,1203.189941,1208.530029,1208.530029,0.17263391
10/2/2018,1206.670044,1224.52002,1199.660034,1207.640015,1207.640015,0.152030246
10/3/2018,1212,1214.180054,1202.150024,1211.530029,1211.530029,0.195876245
10/4/2018,1205.030029,1205.900024,1163.849976,1177.069946,1177.069946,0.146325405
10/5/2018,1176,1182,1154.319946,1167.829956,1167.829956,0.166936603
10/8/2018,1160,1175.859985,1135.400024,1155.920044,1155.920044,0.061220513
10/9/2018,1151.310059,1161.550049,1144.170044,1145.170044,1145.170044,0.090247662
10/10/2018,1136.400024,1137.02002,1091.51001,1092.160034,1092.160034,0.112406986
10/11/2018,1079.040039,1116.060059,1075.890015,1090.73999,1090.73999,0.172756668
10/12/2018,1119.640015,1125.829956,1095.030029,1120.540039,1120.540039,0.184195508
10/15/2018,1118,1121.800049,1098.219971,1102.439941,1102.439941,0.165484356
10/16/2018,1113.47998,1136.369995,1111.75,1133.079956,1133.079956,0.137648452
10/17/2018,1140,1147,1114,1127.589966,1127.589966,0.085944505
10/18/2018,1130,1132.349976,1086.339966,1097.910034,1097.910034,0.127138969
10/19/2018,1103.709961,1120.949951,1097.030029,1105.180054,1105.180054,0.123019565
10/22/2018,1112.51001,1121.689941,1100,1111.369995,1111.369995,0.161354095
10/23/2018,1091.290039,1118,1079.01001,1114.910034,1114.910034,0.09039828
10/24/2018,1115,1116.619995,1055.060059,1057.119995,1057.119995,0.128909999
10/25/2018,1080.300049,1117.819946,1075.550049,1103.589966,1103.589966,0.07375813
10/26/2018,1048.329956,1117,1042.22998,1083.75,1083.75,0.082954817
10/29/2018,1096.540039,1108.829956,1007.200012,1034.72998,1034.72998,0.11503144
10/30/2018,1020.01001,1050.900024,1013.969971,1049.51001,1049.51001,0.115971831
10/31/2018,1068.199951,1108,1068.199951,1090.579956,1090.579956,0.151678204
11/1/2018,1091.400024,1099.900024,1077.819946,1085.97998,1085.97998,0.071100873
11/2/2018,1089,1098,1067.660034,1071.48999,1071.48999,0.191833333
11/5/2018,1072.530029,1073.349976,1034,1055.72998,1055.72998,0.161697619
11/6/2018,1055.02002,1079.819946,1053.609985,1069.569946,1069.569946,0.136431268
11/7/2018,1083.48999,1109.930054,1080.589966,1108.23999,1108.23999,0.149536162
11/8/2018,1107.300049,1108.219971,1084.359985,1094.630005,1094.630005,0.122554386
11/9/2018,1084.02002,1088.349976,1064.26001,1077.02002,1077.02002,0.151891718
11/12/2018,1073.130005,1074.099976,1040.349976,1049.359985,1049.359985,0.147376614
11/13/2018,1054.810059,1066.670044,1040.400024,1047.969971,1047.969971,0.116778101
11/14/2018,1060,1065.790039,1041.109985,1054.579956,1054.579956,0.120300548
11/15/2018,1051.459961,1078.869995,1041.290039,1071.050049,1071.050049,0.134608334
11/16/2018,1065.22998,1072.439941,1054.900024,1068.27002,1068.27002,0.130399051
11/19/2018,1063.390015,1068,1022.869995,1027.420044,1027.420044,0.16545297
11/20/2018,1007.289978,1037.349976,1002.210022,1030.449951,1030.449951,0.098471627
11/21/2018,1045.310059,1054.709961,1039.459961,1043.430054,1043.430054,0.175299999
11/23/2018,1033.5,1043,1028.52002,1030.099976,1030.099976,0.229360565
11/26/2018,1044,1057,1039.77002,1055.939941,1055.939941,0.184713223
11/27/2018,1051.339966,1066.76001,1045.5,1052.280029,1052.280029,0.09729345
11/28/2018,1057.459961,1092.859985,1042.949951,1091.790039,1091.790039,0.162405932
11/29/2018,1083.530029,1100.150024,1082,1094.579956,1094.579956,0.163089928
11/30/2018,1095.630005,1109.650024,1083.180054,1109.650024,1109.650024,0.149503375
12/3/2018,1132.160034,1135,1111.72998,1116.359985,1116.359985,0.135545454
12/4/2018,1112.98999,1114.23999,1060.780029,1062.469971,1062.469971,0.126547166
12/6/2018,1045,1079.420044,1042.47998,1078.079956,1078.079956,0.117506683
12/7/2018,1072.22998,1085.030029,1039.369995,1046.579956,1046.579956,0.141505437
12/10/2018,1042.939941,1059.599976,1033,1053.180054,1053.180054,0.098870036
12/11/2018,1066.939941,1070.400024,1050.099976,1061.650024,1061.650024,0.134120097
12/12/2018,1077.079956,1091.72998,1071.969971,1073.72998,1073.72998,0.145275327
12/13/2018,1075.670044,1088.420044,1064.98999,1073.540039,1073.540039,0.10116151
12/14/2018,1060.02002,1071.719971,1049.369995,1051.709961,1051.709961,0.11707281
12/17/2018,1047.01001,1062.380005,1016.630005,1025.650024,1025.650024,0.145845723
12/18/2018,1034,1059.689941,1030.47998,1043.410034,1043.410034,0.216916197
12/19/2018,1047.290039,1075.709961,1019.429993,1035.459961,1035.459961,0.254121588
12/20/2018,1026,1047.439941,1007.859985,1023.580017,1023.580017,0.144342624
12/21/2018,1032.040039,1037.670044,981.1900024,991.25,991.25,0.125198396
12/24/2018,984.3200073,1012.119995,977.6599731,984.6699829,984.6699829,0.17477839
12/26/2018,997.9899902,1048.449951,992.6500244,1047.849976,1047.849976,0.185396203
12/27/2018,1026.199951,1053.339966,1007,1052.900024,1052.900024,0.134843005
12/28/2018,1059.5,1064.22998,1042,1046.680054,1046.680054,0.203387851
12/31/2018,1057.829956,1062.98999,1033.040039,1044.959961,1044.959961,0.164303764
1/2/2019,1027.199951,1060.790039,1025.280029,1054.680054,1054.680054,0.154822223
1/3/2019,1050.670044,1066.26001,1022.369995,1025.469971,1025.469971,0.140282246
1/4/2019,1042.560059,1080,1036.859985,1078.069946,1078.069946,0.16845575
1/7/2019,1080.969971,1082.699951,1062.640015,1075.920044,1075.920044,0.199824651
1/8/2019,1086,1093.349976,1068.349976,1085.369995,1085.369995,0.177589172
1/9/2019,1087.98999,1091.640015,1074.369995,1081.650024,1081.650024,0.201703625
1/10/2019,1074.939941,1079.810059,1064.680054,1078.829956,1078.829956,0.183514969
1/11/2019,1069.900024,1073.369995,1056.430054,1064.469971,1064.469971,0.175387459
1/14/2019,1053.339966,1058.449951,1048.550049,1051.51001,1051.51001,0.202127145
1/15/2019,1058.01001,1088.27002,1054.439941,1086.51001,1086.51001,0.159676722
1/16/2019,1090,1102.359985,1088.01001,1089.51001,1089.51001,0.08490131
1/17/2019,1087.98999,1100.699951,1083.26001,1099.119995,1099.119995,0.168181269
1/18/2019,1108.589966,1118,1099.280029,1107.300049,1107.300049,0.226370652
1/22/2019,1096,1098.969971,1070.890015,1078.630005,1078.630005,0.144404136
1/23/2019,1086.859985,1092.949951,1067.569946,1084.410034,1084.410034,0.213418622
1/24/2019,1082.51001,1088,1070.02002,1084,1084,0.196530313
1/25/2019,1094.22998,1103.359985,1091.800049,1101.51001,1101.51001,0.175342695
1/28/2019,1090.069946,1093.369995,1074.609985,1079.859985,1079.859985,0.186086854
1/29/2019,1081.040039,1084.72998,1066.02002,1070.060059,1070.060059,0.136102156
1/30/2019,1077.359985,1099.52002,1076.640015,1097.98999,1097.98999,0.164280156
1/31/2019,1112.23999,1127.670044,1105.25,1125.890015,1125.890015,0.18058489
2/1/2019,1122.290039,1134.400024,1114.25,1118.619995,1118.619995,0.131275609
2/4/2019,1119.01001,1142.339966,1117.51001,1141.420044,1141.420044,0.131840456
2/5/2019,1129.630005,1152.77002,1123.599976,1151.869995,1151.869995,0.144900886
2/6/2019,1149.27002,1154,1118.359985,1122.890015,1122.890015,0.138735363
2/7/2019,1111.819946,1111.98999,1093.589966,1105.910034,1105.910034,0.097645954
2/8/2019,1094.880005,1105.099976,1094.23999,1102.380005,1102.380005,0.170555369
2/11/2019,1103.75,1113.430054,1100,1102.119995,1102.119995,0.191278751
2/12/2019,1111.01001,1132.859985,1111.01001,1127.579956,1127.579956,0.160106586
2/13/2019,1133.040039,1142.849976,1126,1128.630005,1128.630005,0.164005353
2/14/2019,1125,1136.130005,1117.089966,1129.199951,1129.199951,0.135708185
2/15/2019,1139.300049,1139.300049,1116.719971,1119.630005,1119.630005,0.180420203
2/19/2019,1116.640015,1129.640015,1116.640015,1126.51001,1126.51001,0.151730263
2/20/2019,1128.880005,1130.930054,1111.75,1120.589966,1120.589966,0.119774809
2/21/2019,1118.780029,1119.150024,1097.97998,1104.209961,1104.209961,0.056852357
2/22/2019,1109.699951,1117.25,1100.5,1116.560059,1116.560059,0.136872604
2/25/2019,1121.930054,1125.400024,1114.109985,1117.329956,1117.329956,0.205786257
2/26/2019,1114.369995,1126.439941,1106.699951,1122.01001,1122.01001,0.148709389
2/27/2019,1114.01001,1125.72998,1108.560059,1122.890015,1122.890015,0.246270386
2/28/2019,1119,1133.98999,1118.410034,1126.550049,1126.550049,0.200266666
3/1/2019,1131,1150,1131,1148.52002,1148.52002,0.229344362
3/4/2019,1154.560059,1165.52002,1138.25,1153.420044,1153.420044,0.214726981
3/5/2019,1156,1176.48999,1153.02002,1169.189941,1169.189941,0.174373446
3/6/2019,1171.76001,1174.73999,1163.050049,1164.939941,1164.939941,0.180342726
3/7/2019,1160.5,1163.579956,1141.709961,1150.849976,1150.849976,0.183238041
3/8/2019,1133.900024,1153.449951,1130.199951,1149.969971,1149.969971,0.200458307
3/11/2019,1152,1179.910034,1151.569946,1179.26001,1179.26001,0.157031865
3/12/2019,1182.300049,1205.709961,1182.300049,1197.25,1197.25,0.154870647
3/13/2019,1205.930054,1207.119995,1197.910034,1199.060059,1199.060059,0.194966877
3/14/2019,1199.02002,1204.699951,1191.22998,1192.530029,1192.530029,0.143637786
3/15/2019,1198,1201.719971,1187.01001,1190.300049,1190.300049,0.191149878
3/18/2019,1189.689941,1194.949951,1181.47998,1188.550049,1188.550049,0.188709733
3/19/2019,1191.719971,1203.410034,1189.459961,1202.459961,1202.459961,0.163335774
3/20/2019,1201.400024,1229.98999,1199.589966,1226.430054,1226.430054,0.146537671
3/21/2019,1220,1236.439941,1216.579956,1236.130005,1236.130005,0.187153866
3/22/2019,1228.849976,1233.630005,1206,1207.650024,1207.650024,0.184816281
3/25/2019,1199.560059,1209.439941,1190,1197.380005,1197.380005,0.125560303
3/26/2019,1205.189941,1207.650024,1181.76001,1189.839966,1189.839966,0.124864348
3/27/2019,1191.920044,1191.920044,1164.22998,1178.01001,1178.01001,0.13429588
3/28/2019,1175.5,1177.25,1163.430054,1172.27002,1172.27002,0.166194201
3/29/2019,1180.180054,1183.969971,1166.380005,1176.890015,1176.890015,0.17588778
4/1/2019,1187.540039,1200.199951,1186.359985,1198.97998,1198.97998,0.147589417
4/2/2019,1200.050049,1205.810059,1191.23999,1205.540039,1205.540039,0.163122261
4/3/2019,1212.699951,1220.599976,1205.079956,1210.810059,1210.810059,0.18392879
4/4/2019,1211.290039,1220.550049,1209.040039,1219.449951,1219.449951,0.159566323
4/5/2019,1219.300049,1220.390015,1210.030029,1211.449951,1211.449951,0.218352418
4/8/2019,1211.109985,1213.949951,1204.699951,1208.280029,1208.280029,0.203926481
4/9/2019,1201.890015,1207.150024,1198.380005,1202.689941,1202.689941,0.175419548
4/10/2019,1205.089966,1208.939941,1200.660034,1206.449951,1206.449951,0.145806602
4/11/2019,1208.900024,1212.73999,1204.540039,1209.589966,1209.589966,0.166139849
4/12/2019,1215.619995,1223.050049,1213.290039,1222.72998,1222.72998,0.203185568
4/15/2019,1224.089966,1229.300049,1214.560059,1226.530029,1226.530029,0.171047315
4/16/2019,1230,1235.97998,1225.040039,1231.910034,1231.910034,0.161668066
4/17/2019,1237,1245.099976,1232.900024,1240.140015,1240.140015,0.201396711
4/18/2019,1245,1245.939941,1239.410034,1241.469971,1241.469971,0.150266082
4/22/2019,1236.670044,1254.339966,1233.369995,1253.76001,1253.76001,0.165251714
4/23/2019,1256.640015,1274.430054,1251.969971,1270.589966,1270.589966,0.171744283
4/24/2019,1270.589966,1274,1259.810059,1260.050049,1260.050049,0.187543093
4/25/2019,1270.300049,1272.800049,1258,1267.339966,1267.339966,0.121374764
4/26/2019,1273.380005,1278.910034,1265,1277.420044,1277.420044,0.199101674
4/29/2019,1280.51001,1296.969971,1271.709961,1296.199951,1296.199951,0.11156204
4/30/2019,1190.630005,1200.97998,1183,1198.959961,1198.959961,0.100142045
5/1/2019,1197.5,1199.25,1171.680054,1173.319946,1173.319946,0.084243872
5/2/2019,1172.599976,1179.380005,1158.329956,1166.51001,1166.51001,0.132899584
5/3/2019,1177.410034,1191.400024,1173.550049,1189.550049,1189.550049,0.179980167
5/6/2019,1172,1195.430054,1171.160034,1193.459961,1193.459961,0.180362649
5/7/2019,1185.810059,1194.77002,1165,1178.859985,1178.859985,0.165767743
5/8/2019,1177.290039,1184.27002,1167.630005,1170.780029,1170.780029,0.188622875
5/9/2019,1162.599976,1174.069946,1154.640015,1167.969971,1167.969971,0.199083048
5/10/2019,1168.839966,1176.280029,1146.369995,1167.640015,1167.640015,0.139000312
5/13/2019,1145.23999,1151.969971,1125.5,1136.589966,1136.589966,0.210086277
5/14/2019,1142.319946,1144.869995,1123.530029,1124.859985,1124.859985,0.104745245
5/15/2019,1122.550049,1178.300049,1121.400024,1170.800049,1170.800049,0.193971271
5/16/2019,1171.839966,1194.160034,1168.449951,1184.5,1184.5,0.19732832
5/17/2019,1175.829956,1186.290039,1166.420044,1168.780029,1168.780029,0.167849142
5/20/2019,1153,1153,1138.140015,1144.660034,1144.660034,0.130343411
5/21/2019,1154.47998,1158,1143.310059,1154.439941,1154.439941,0.164241542
5/22/2019,1151.25,1163.780029,1151,1155.849976,1155.849976,0.139258711
5/23/2019,1146.069946,1150.050049,1133.160034,1145.339966,1145.339966,0.202270627
5/24/2019,1152,1154.359985,1136.709961,1138.609985,1138.609985,0.287157085
5/28/2019,1141.47998,1156.48999,1138.670044,1139.560059,1139.560059,0.218569625
5/29/2019,1132.699951,1135,1111.949951,1119.939941,1119.939941,0.162638361
5/30/2019,1120.150024,1126.800049,1115.900024,1121.410034,1121.410034,0.165351543
5/31/2019,1105.640015,1113.400024,1103.349976,1106.5,1106.5,0.169521033
6/3/2019,1066.930054,1067,1027.030029,1038.73999,1038.73999,0.078953077
6/4/2019,1044.48999,1058.439941,1036.030029,1054.48999,1054.48999,0.168588125
6/5/2019,1055,1056.810059,1033,1044.640015,1044.640015,0.155100523
6/6/2019,1046.209961,1050,1035.51001,1047.76001,1047.76001,0.116996025
6/7/2019,1054.280029,1073.430054,1051.150024,1068.369995,1068.369995,0.196953117
6/10/2019,1077,1094.839966,1075.280029,1082.76001,1082.76001,0.236411884
6/11/2019,1096.98999,1104.01001,1079.569946,1081.040039,1081.040039,0.156325943
6/12/2019,1079.949951,1082.52002,1069.599976,1079.099976,1079.099976,0.149987159
6/13/2019,1084.709961,1096.589966,1082.569946,1091.01001,1091.01001,0.22228388
6/14/2019,1089.73999,1094.76001,1081.47998,1086.300049,1086.300049,0.298795435
6/17/2019,1089.099976,1101.280029,1088,1093.890015,1093.890015,0.172668967
6/18/2019,1111.5,1118.780029,1100.790039,1105.23999,1105.23999,0.154346366
6/19/2019,1107.23999,1109.430054,1096.030029,1104.51001,1104.51001,0.093465282
6/20/2019,1121.699951,1122.719971,1107,1113.199951,1113.199951,0.138045277
6/21/2019,1109.859985,1126.569946,1109.719971,1125.369995,1125.369995,0.172579489
6/24/2019,1120,1123.569946,1113.310059,1116.699951,1116.699951,0.18972963
6/25/2019,1115.079956,1115.699951,1084.599976,1087.579956,1087.579956,0.131977129
6/26/2019,1091,1095.119995,1073.689941,1080.319946,1080.319946,0.132491169
6/27/2019,1086.75,1088.459961,1075.849976,1076.630005,1076.630005,0.138545759
6/28/2019,1077.22998,1082.800049,1073.800049,1082.800049,1082.800049,0.179738095
7/1/2019,1101.040039,1108.589966,1095.329956,1100,1100,0.234503821
7/2/2019,1104.829956,1112.890015,1099.670044,1112.599976,1112.599976,0.192602145
7/3/2019,1118.5,1127.98999,1114.849976,1122.98999,1122.98999,0.202521593
7/5/2019,1119.369995,1134.650024,1117.5,1132.670044,1132.670044,0.184939557
7/8/2019,1125.869995,1127.209961,1111.76001,1116.790039,1116.790039,0.201391421
7/9/2019,1110.319946,1127.859985,1107.150024,1124.290039,1124.290039,0.18372956
7/10/2019,1132.319946,1142.339966,1130.660034,1140.910034,1140.910034,0.19086316
7/11/2019,1146.160034,1153.23999,1139.530029,1144.079956,1144.079956,0.162975782
7/12/2019,1142.930054,1147.5,1138.560059,1145.339966,1145.339966,0.239977736
7/15/2019,1145.339966,1150.680054,1140,1150.51001,1150.51001,0.163067094
7/16/2019,1146.72998,1158.579956,1146.72998,1153.459961,1153.459961,0.113303436
7/17/2019,1150.920044,1158.439941,1146.619995,1146.73999,1146.73999,0.171998649
7/18/2019,1142,1148.170044,1132.859985,1147.23999,1147.23999,0.178329933
7/19/2019,1149.319946,1151.579956,1131.25,1131.550049,1131.550049,0.164108023
7/22/2019,1135.469971,1140.02002,1125.209961,1139.209961,1139.209961,0.200350938
7/23/2019,1143.449951,1148.859985,1132.849976,1148.050049,1148.050049,0.156374581
7/24/2019,1132.619995,1145.459961,1128.51001,1139.72998,1139.72998,0.122345456
7/25/2019,1138.949951,1143.589966,1123.709961,1135.939941,1135.939941,0.153910196
7/26/2019,1228,1268.390015,1228,1245.219971,1245.219971,0.177296654
7/29/2019,1242.5,1248.98999,1230.199951,1241.839966,1241.839966,0.177699525
7/30/2019,1227,1236.910034,1225.319946,1228,1228,0.154631504
7/31/2019,1224.869995,1234.910034,1208.180054,1218.199951,1218.199951,0.147935343
8/1/2019,1217.630005,1236.300049,1207,1211.780029,1211.780029,0.142681898
8/2/2019,1203,1209.5,1190,1196.319946,1196.319946,0.189506165
8/5/2019,1172.969971,1176.880005,1142.75,1154.75,1154.75,0.165560545
8/6/2019,1165.52002,1181.400024,1161.530029,1171.079956,1171.079956,0.121889118
8/7/2019,1157.800049,1179.869995,1150.839966,1175.910034,1175.910034,0.18852242
8/8/2019,1186.430054,1206.280029,1174,1206.189941,1206.189941,0.243357066
8/9/2019,1199.98999,1204.459961,1184.890015,1188.900024,1188.900024,0.214404002
8/12/2019,1180,1185.609985,1168.719971,1174.5,1174.5,0.196305918
8/13/2019,1174.349976,1205.430054,1172.98999,1196.72998,1196.72998,0.163807535
8/14/2019,1176.069946,1182.790039,1161.069946,1164.25,1164.25,0.079599218
8/15/2019,1168.430054,1176.420044,1163,1169.319946,1169.319946,0.195577489
8/16/2019,1180.790039,1183.839966,1173,1179.209961,1179.209961,0.169050417
8/19/2019,1191.829956,1209.390015,1190.400024,1200.439941,1200.439941,0.189372564
8/20/2019,1195.349976,1198,1183.050049,1183.530029,1183.530029,0.117131739
8/21/2019,1195.819946,1200.560059,1187.920044,1191.579956,1191.579956,0.209769549
8/22/2019,1193.800049,1198.780029,1178.910034,1191.52002,1191.52002,0.182107927
8/23/2019,1185.170044,1195.670044,1150,1153.579956,1153.579956,0.130876317
8/26/2019,1159.449951,1171.859985,1154.849976,1171.180054,1171.180054,0.12305123
8/27/2019,1183,1185,1164.560059,1170.819946,1170.819946,0.030256175
8/28/2019,1164.869995,1178.5,1160.25,1173.75,1173.75,0.119661079
8/29/2019,1186.420044,1199.189941,1185.280029,1194.23999,1194.23999,0.158895621
8/30/2019,1200.349976,1200.349976,1185.719971,1190.530029,1190.530029,0.167394445
9/3/2019,1181.849976,1189.079956,1163.709961,1169.550049,1169.550049,0.091131063
9/4/2019,1179.449951,1184.880005,1171.530029,1182.27002,1182.27002,0.150403615
9/5/2019,1193.660034,1214,1192.689941,1212.189941,1212.189941,0.159036558
9/6/2019,1209.140015,1212.949951,1203.26001,1206.319946,1206.319946,0.136042663
9/9/2019,1207.079956,1220.550049,1193.170044,1205.27002,1205.27002,0.12269758
9/10/2019,1196.089966,1210,1196.01001,1205.699951,1205.699951,0.135169797
9/11/2019,1203.890015,1222.469971,1202.280029,1220,1220,0.141013602
9/12/2019,1223.469971,1242.420044,1222.560059,1234.969971,1234.969971,0.158510354
9/13/2019,1232.109985,1241.050049,1227.079956,1240.030029,1240.030029,0.167736606
9/16/2019,1230.439941,1239.02002,1225.189941,1231.630005,1231.630005,0.203350261
9/17/2019,1231.630005,1235,1223.349976,1229.880005,1229.880005,0.192199228
9/18/2019,1230.23999,1236.23999,1216.469971,1232.650024,1232.650024,0.184647394
9/19/2019,1232.319946,1244.339966,1232.310059,1238.75,1238.75,0.186559105
9/20/2019,1233.640015,1242.800049,1223.579956,1229.839966,1229.839966,0.18845078
9/23/2019,1226.569946,1239.680054,1223.780029,1234.689941,1234.689941,0.173581913
9/24/2019,1240,1247.109985,1210.640015,1218.329956,1218.329956,0.11416057
9/25/2019,1216.01001,1248.02002,1209.199951,1245.939941,1245.939941,0.183436825
9/26/2019,1242.140015,1244.670044,1231.819946,1242.290039,1242.290039,0.199622917
9/27/2019,1242.829956,1244.98999,1215.199951,1225.949951,1225.949951,0.201250562
9/30/2019,1220.599976,1227.410034,1213.420044,1221.140015,1221.140015,0.233640552
10/1/2019,1222.48999,1232.859985,1205.550049,1206,1206,0.157030969
10/2/2019,1196.5,1198.76001,1172.630005,1177.920044,1177.920044,0.174287716
10/3/2019,1183.339966,1191,1163.140015,1189.430054,1189.430054,0.191230556
10/4/2019,1194.290039,1212.459961,1190.969971,1210.959961,1210.959961,0.143157521
10/7/2019,1207,1218.910034,1204.359985,1208.25,1208.25,0.195779255
10/8/2019,1198.77002,1206.869995,1189.47998,1190.130005,1190.130005,0.121614673
10/9/2019,1201.329956,1208.459961,1198.119995,1202.400024,1202.400024,0.133415385
10/10/2019,1198.599976,1215.619995,1197.859985,1209.469971,1209.469971,0.154350174
10/11/2019,1224.030029,1228.75,1213.640015,1215.709961,1215.709961,0.228885236
10/14/2019,1213.890015,1225.880005,1211.880005,1217.77002,1217.77002,0.20843515
10/15/2019,1221.5,1247.130005,1220.920044,1242.23999,1242.23999,0.188230607
10/16/2019,1241.810059,1254.189941,1238.530029,1243,1243,0.157913499
10/17/2019,1251.400024,1263.75,1249.869995,1252.800049,1252.800049,0.179720498
10/18/2019,1254.689941,1258.109985,1240.140015,1244.410034,1244.410034,0.197281297
10/21/2019,1248.699951,1253.51001,1239.98999,1244.280029,1244.280029,0.146629796
10/22/2019,1244.47998,1248.72998,1239.849976,1241.199951,1241.199951,0.146690001
10/23/2019,1240.209961,1258.040039,1240.209961,1257.630005,1257.630005,0.17354764
10/24/2019,1259.109985,1262.900024,1252.349976,1259.109985,1259.109985,0.161826365
10/25/2019,1252,1268,1249.150024,1264.300049,1264.300049,0.170840722
10/28/2019,1275,1299.23999,1272.310059,1288.97998,1288.97998,0.196004689
10/29/2019,1276,1280.800049,1255.609985,1260.660034,1260.660034,0.144385205
10/30/2019,1255.150024,1268.02002,1250.650024,1260.699951,1260.699951,0.156738283
10/31/2019,1260,1266.52002,1249.47998,1258.800049,1258.800049,0.21170158
11/1/2019,1265.800049,1273,1259.709961,1272.25,1272.25,0.351763889
11/4/2019,1276.109985,1292.5,1276.109985,1289.609985,1289.609985,0.216342459
11/5/2019,1291.199951,1297.23999,1289.380005,1291.439941,1291.439941,0.154170075
11/6/2019,1290.089966,1292.98999,1282.27002,1291.01001,1291.01001,0.178728921
11/7/2019,1294.280029,1322.650024,1293.75,1306.939941,1306.939941,0.128837688
11/8/2019,1301.52002,1317.109985,1301.52002,1309,1309,0.220680065
11/11/2019,1304,1304.900024,1295.869995,1298.280029,1298.280029,0.165336091
11/12/2019,1298.569946,1309.349976,1294.23999,1297.209961,1297.209961,0.112285715
11/13/2019,1293.180054,1302.52002,1292.150024,1296.180054,1296.180054,0.116235238
11/14/2019,1295,1315.719971,1293.939941,1309.150024,1309.150024,0.14324958
11/15/2019,1315.050049,1333.540039,1311.890015,1333.540039,1333.540039,0.153601767
11/18/2019,1332.339966,1333.920044,1316.160034,1319.839966,1319.839966,0.168628479
11/19/2019,1326.630005,1326.630005,1311.77002,1312.589966,1312.589966,0.154325925
11/20/2019,1311.359985,1313.209961,1289.209961,1301.859985,1301.859985,0.133331325
11/21/2019,1299.25,1311.119995,1290.75,1300.140015,1300.140015,0.117904153
11/22/2019,1303,1306.900024,1289.359985,1293.670044,1293.670044,0.105768348
11/25/2019,1296.26001,1310.410034,1295.609985,1305.640015,1305.640015,0.143269083
11/26/2019,1309.910034,1314.01001,1304.040039,1313,1313,0.147205576
11/27/2019,1315.420044,1317.640015,1309.469971,1312.130005,1312.130005,0.130361724
11/29/2019,1306.599976,1309.949951,1303.22998,1304.089966,1304.089966,0.222850848
12/2/2019,1302.560059,1305.439941,1280.380005,1288.859985,1288.859985,0.132538493
12/3/2019,1278.660034,1297.22998,1277.050049,1294.73999,1294.73999,0.0616966
12/4/2019,1306.099976,1324.27002,1303.050049,1318.939941,1318.939941,0.115458058
12/5/2019,1327,1327.97998,1314.319946,1326.959961,1326.959961,0.188858397
12/6/2019,1332.75,1342.469971,1331.22998,1339.390015,1339.390015,0.132722277
12/9/2019,1338.859985,1357.550049,1336.069946,1342.98999,1342.98999,0.219282041
12/10/2019,1339.939941,1348,1334,1342.890015,1342.890015,0.155128515
12/11/2019,1348.300049,1349.890015,1341.099976,1344.25,1344.25,0.148329911
12/12/2019,1343.209961,1354.579956,1338.199951,1348.48999,1348.48999,0.163497368
12/13/2019,1347.900024,1351.349976,1341.660034,1346.869995,1346.869995,0.142321952
12/16/2019,1355,1363.530029,1350.609985,1360.699951,1360.699951,0.166651144
12/17/2019,1362.410034,1364.329956,1350.77002,1354.890015,1354.890015,0.205367025
12/18/2019,1357,1359.430054,1350.459961,1351.910034,1351.910034,0.160116051
12/19/2019,1351.910034,1357.530029,1348.75,1356.439941,1356.439941,0.11985315
12/20/2019,1363.099976,1364,1350.72998,1351.219971,1351.219971,0.157942336
12/23/2019,1358.72998,1361.849976,1348,1350.630005,1350.630005,0.149407222
12/24/2019,1350.209961,1352.01001,1344.170044,1344.430054,1344.430054,0.116205102
12/26/2019,1346.550049,1363.199951,1345.51001,1362.469971,1362.469971,0.171750173
12/27/2019,1364,1367.050049,1353,1354.640015,1354.640015,0.18480315
12/30/2019,1356.810059,1357,1337.839966,1339.709961,1339.709961,0.269083737
12/31/2019,1335.790039,1340.660034,1332.130005,1339.390015,1339.390015,0.156713247
